"Name","State","Notes","User","Created","Runtime","_disable_action_flattening","_disable_execution_plan_api","_disable_initialize_loss_from_dummy_batch","_disable_preprocessor_api","_dont_auto_sync_env_runner_states","_enable_rl_module_api","_evaluation_parallel_to_training_wo_thread","_fake_gpus","_run_training_always_in_thread","_tf_policy_handles_more_than_one_loss","action_mask_key","actions_in_input_normalized","adam_epsilon","add_default_connectors_to_env_to_module_pipeline","add_default_connectors_to_learner_pipeline","add_default_connectors_to_module_to_env_pipeline","always_attach_evaluation_results","auto_wrap_old_gym_envs","batch_mode","categorical_distribution_temperature","checkpoint_trainable_policies_only","clip_actions","compress_observations","count_steps_by","create_env_on_driver","custom_async_evaluation_function","date","delay_between_env_runner_restarts_s","disable_env_checking","double_q","dueling","eager_max_retraces","eager_tracing","enable_async_evaluation","enable_connectors","enable_env_runner_and_connector_v2","enable_rl_module_and_learner","enable_tf1_exec_eagerly","env","env_config.num_landers","env_runner_health_probe_timeout_s","env_runner_restore_timeout_s","episode_lookback_horizon","epsilon","evaluation_config.explore","evaluation_duration","evaluation_duration_unit","evaluation_force_reset_envs_before_iteration","evaluation_num_env_runners","evaluation_parallel_to_training","evaluation_sample_timeout_s","exploration_config.epsilon_timesteps","exploration_config.final_epsilon","exploration_config.initial_epsilon","exploration_config.type","explore","export_native_model_files","fake_sampler","framework","gamma","grad_clip","grad_clip_by","hiddens","hostname","ignore_env_runner_failures","in_evaluation","input","keep_per_episode_custom_metrics","local_gpu_idx","local_tf_session_args.inter_op_parallelism_threads","local_tf_session_args.intra_op_parallelism_threads","log_level","log_sys_usage","lr","max_num_env_runner_restarts","max_requests_in_flight_per_sampler_worker","metrics_episode_collection_timeout_s","metrics_num_episodes_for_smoothing","min_sample_timesteps_per_iteration","min_train_timesteps_per_iteration","model._disable_action_flattening","model._disable_preprocessor_api","model._time_major","model._use_default_native_models","model.always_check_shapes","model.attention_dim","model.attention_head_dim","model.attention_init_gru_gate_bias","model.attention_memory_inference","model.attention_memory_training","model.attention_num_heads","model.attention_num_transformer_units","model.attention_position_wise_mlp_dim","model.attention_use_n_prev_actions","model.attention_use_n_prev_rewards","model.conv_activation","model.dim","model.fcnet_activation","model.fcnet_hiddens","model.framestack","model.free_log_std","model.grayscale","model.lstm_cell_size","model.lstm_use_prev_action","model.lstm_use_prev_action_reward","model.lstm_use_prev_reward","model.max_seq_len","model.no_final_linear","model.post_fcnet_activation","model.post_fcnet_hiddens","model.use_attention","model.use_lstm","model.vf_share_layers","model.zero_mean","n_step","node_ip","noisy","normalize_actions","num_atoms","num_consecutive_env_runner_failures_tolerance","num_cpus_for_driver","num_cpus_per_learner_worker","num_cpus_per_worker","num_envs_per_env_runner","num_gpus","num_gpus_per_learner_worker","num_gpus_per_worker","num_learner_workers","num_steps_sampled_before_learning_starts","num_workers","observation_filter","offline_sampling","ope_split_batch_by_episode","output_compress_columns","output_max_file_size","pid","placement_strategy","policies.default_policy","policy_map_cache","policy_map_capacity","policy_mapping_fn","policy_states_are_swappable","postprocess_inputs","preprocessor_pref","recreate_failed_env_runners","remote_env_batch_wait_ms","remote_worker_envs","render_env","replay_buffer_config.capacity","replay_buffer_config.prioritized_replay","replay_buffer_config.prioritized_replay_alpha","replay_buffer_config.prioritized_replay_beta","replay_buffer_config.prioritized_replay_eps","replay_buffer_config.replay_sequence_length","replay_buffer_config.type","replay_buffer_config.worker_side_prioritization","restart_failed_sub_environments","rollout_fragment_length","sample_collector","sample_timeout_s","shuffle_buffer_size","sigma0","simple_optimizer","store_buffer_in_checkpoints","sync_filters_on_rollout_workers_timeout_s","synchronize_filters","target_network_update_freq","tau","td_error_loss_fn","tf_session_args.allow_soft_placement","tf_session_args.device_count.CPU","tf_session_args.gpu_options.allow_growth","tf_session_args.inter_op_parallelism_threads","tf_session_args.intra_op_parallelism_threads","tf_session_args.log_device_placement","torch_compile_learner","torch_compile_learner_dynamo_backend","torch_compile_learner_what_to_compile","torch_compile_worker","torch_compile_worker_dynamo_backend","train_batch_size","trial_id","trial_log_path","update_worker_filter_stats","use_worker_filter_stats","v_max","v_min","validate_env_runners_after_construction","worker_cls","agent_timesteps_total","counters/last_target_update_ts","counters/num_agent_steps_sampled","counters/num_agent_steps_trained","counters/num_env_steps_sampled","counters/num_env_steps_trained","counters/num_target_updates","env_runners/connector_metrics/ObsPreprocessorConnector_ms","env_runners/connector_metrics/StateBufferConnector_ms","env_runners/connector_metrics/ViewRequirementAgentConnector_ms","env_runners/episode_len_mean","env_runners/episode_return_max","env_runners/episode_return_mean","env_runners/episode_return_min","env_runners/episode_reward_max","env_runners/episode_reward_mean","env_runners/episode_reward_min","env_runners/episodes_this_iter","env_runners/episodes_timesteps_total","env_runners/num_episodes","env_runners/num_faulty_episodes","env_runners/policy_reward_max/default_policy","env_runners/policy_reward_mean/default_policy","env_runners/policy_reward_min/default_policy","env_runners/sampler_perf/mean_action_processing_ms","env_runners/sampler_perf/mean_env_render_ms","env_runners/sampler_perf/mean_env_wait_ms","env_runners/sampler_perf/mean_inference_ms","env_runners/sampler_perf/mean_raw_obs_processing_ms","info/last_target_update_ts","info/learner/default_policy/diff_num_grad_updates_vs_sampler_policy","info/learner/default_policy/learner_stats/allreduce_latency","info/learner/default_policy/learner_stats/cur_lr","info/learner/default_policy/learner_stats/grad_gnorm","info/learner/default_policy/learner_stats/max_q","info/learner/default_policy/learner_stats/mean_q","info/learner/default_policy/learner_stats/min_q","info/learner/default_policy/mean_td_error","info/learner/default_policy/num_agent_steps_trained","info/learner/default_policy/num_grad_updates_lifetime","info/num_agent_steps_sampled","info/num_agent_steps_trained","info/num_env_steps_sampled","info/num_env_steps_trained","info/num_target_updates","iterations_since_restore","num_agent_steps_sampled","num_agent_steps_sampled_lifetime","num_agent_steps_trained","num_env_steps_sampled","num_env_steps_sampled_lifetime","num_env_steps_sampled_this_iter","num_env_steps_sampled_throughput_per_sec","num_env_steps_trained","num_env_steps_trained_this_iter","num_env_steps_trained_throughput_per_sec","num_healthy_workers","num_in_flight_async_sample_reqs","num_remote_worker_restarts","num_steps_trained_this_iter","perf/cpu_util_percent","perf/ram_util_percent","time_since_restore","time_this_iter_s","time_total_s","timers/learn_throughput","timers/learn_time_ms","timers/load_throughput","timers/load_time_ms","timers/restore_workers_time_ms","timers/sample_time_ms","timers/synch_weights_time_ms","timers/training_iteration_time_ms","timers/training_step_time_ms","timestamp","timesteps_total","training_iteration"
"DQN_ma-lander_8c263_00000","finished","-","","2024-07-22T20:47:17.000Z","390","false","-1","false","false","false","-1","false","false","false","false","action_mask","false","0.00001008467160558469","true","true","true","-1","-1","truncate_episodes","1","false","false","false","env_steps","false","-1","2024-07-22_20-53-45","60","-1","true","true","20","true","-1","true","false","false","false","ma-lander","1","30","1800","1","[[0,1],[10000,0.05]]","false","10","episodes","true","0","false","120","10000","0.02","1","EpsilonGreedy","true","false","false","torch","0.99","40","global_norm","[256]","e-bgbfbjbn-bkfqf-0","false","false","sampler","false","0","8","8","WARN","true","0.0005","1000","2","60","100","1000","0","false","false","false","-1","false","64","32","2","50","50","1","1","32","0","0","relu","84","tanh","[256,256]","true","false","false","256","false","-1","false","20","false","relu","[]","false","false","true","true","8","10.42.142.246","false","true","1","100","1","1","1","1","0","0","0","0","1000","60","NoFilter","false","true","[""obs"",""new_obs""]","67108864","195726","PACK","[null,null,null,null]","-1","100","ray.rllib.algorithms.algorithm_config.AlgorithmConfig.DEFAULT_POLICY_MAPPING_FN","false","false","deepmind","false","0","false","false","50000","-1","0.6","0.4","0.000001","1","ray.rllib.utils.replay_buffers.multi_agent_prioritized_replay_buffer.MultiAgentPrioritizedReplayBuffer","false","false","auto","ray.rllib.evaluation.collectors.simple_list_collector.SimpleListCollector","60","0","0.414195099703662","false","false","10","-1","500","0.3032836076775518","huber","true","1","true","2","2","false","false","inductor","FORWARD_TRAIN","false","onnxrt","32","8c263_00000","/tmp/ray/session_2024-07-22_20-46-59_587710_191490/artifacts/2024-07-22_20-47-02/DQN_2024-07-22_20-47-02/driver_artifacts/DQN_ma-lander_8c263_00000_0_adam_epsilon=0.0000,n_step=8,sigma0=0.4142,tau=0.3033_2024-07-22_20-47-02","true","true","10","-10","true","-1","1056149","719520","1056149","47936","720000","47936","749","0.00737452507019043","0.005994081497192383","0.1969466209411621","656.16","218.91813553325215","17.101576898162094","-62.12169841374797","218.91813553325215","17.101576898162094","-62.12169841374797","0","65616","0","0","161.74480679517046","8.550788449081049","-69.75483590881875","0.15675004133449025","0","0.2086755042800736","1.5830090435658153","0.5905691245594276","719520","1497","0","0.0005","0.6418566107749939","12.08508586883545","4.78819465637207","-2.7268176078796387","0.03507564961910248","32","1498","1056149","47936","720000","47936","749","500","1056149","1056149","47936","720000","720000","1440","2131.233983452037","47936","96","142.08226556346915","60","0","0","96","11.3","14.7","366.6274154186249","0.689361572265625","366.6274154186249","4273.633","7.488","194546.642","0.164","0.034","55.023","93.221","712.341","228.698","1721681625","720000","500"
"DQN_ma-lander_4cb47_00004","finished","-","","2024-07-22T19:55:45.000Z","1313","false","-1","false","false","false","-1","false","false","false","false","action_mask","false","0.0000016404288831209636","true","true","true","-1","-1","truncate_episodes","1","false","false","false","env_steps","false","-1","2024-07-22_20-17-36","60","-1","true","true","20","true","-1","true","false","false","false","ma-lander","1","30","1800","1","[[0,1],[10000,0.05]]","false","10","episodes","true","0","false","120","10000","0.02","1","EpsilonGreedy","true","false","false","torch","0.99","40","global_norm","[256]","e-bgbfbjbn-bkfqf-0","false","false","sampler","false","0","8","8","WARN","true","0.0005","1000","2","60","100","1000","0","false","false","false","-1","false","64","32","2","50","50","1","1","32","0","0","relu","84","tanh","[256,256]","true","false","false","256","false","-1","false","20","false","relu","[]","false","false","true","true","1","10.42.142.246","false","true","1","100","1","1","1","1","0","0","0","0","1000","60","NoFilter","false","true","[""obs"",""new_obs""]","67108864","129700","PACK","[null,null,null,null]","-1","100","ray.rllib.algorithms.algorithm_config.AlgorithmConfig.DEFAULT_POLICY_MAPPING_FN","false","false","deepmind","false","0","false","false","50000","-1","0.6","0.4","0.000001","1","ray.rllib.utils.replay_buffers.multi_agent_prioritized_replay_buffer.MultiAgentPrioritizedReplayBuffer","false","false","auto","ray.rllib.evaluation.collectors.simple_list_collector.SimpleListCollector","60","0","0.1621138108800963","false","false","10","-1","500","0.5769972200212636","huber","true","1","true","2","2","false","false","inductor","FORWARD_TRAIN","false","onnxrt","32","4cb47_00004","/tmp/ray/session_2024-07-22_18-50-40_901447_3890015/artifacts/2024-07-22_18-50-43/DQN_2024-07-22_18-50-43/driver_artifacts/DQN_ma-lander_4cb47_00004_4_adam_epsilon=0.0000,n_step=1,sigma0=0.1621,tau=0.5770_2024-07-22_18-50-44","true","true","10","-10","true","-1","806922","509700","806922","271488","510000","271488","943","0.013615846633911133","0.011241912841796877","0.3343162536621094","1367.46","433.1917894226627","325.04880967287926","46.86133841606639","433.1917894226627","325.04880967287926","46.86133841606639","1","136746","1","0","245.3233818641611","162.52440483643912","-27.90475792894751","0.2299335733115657","0","0.3033216834760116","2.4228813513713585","2.0381875902884157","509700","8483","0","0.0005","0.31883785128593445","71.13314056396484","39.48337173461914","8.023900985717773","-0.7283360362052917","32","8484","806922","271488","510000","271488","943","500","806922","806922","271488","510000","510000","1020","401.3259189209447","271488","544","214.04049009117048","60","0","0","544","8.5","13.8","1290.5932331085205","2.5555648803710938","1290.5932331085205","4790.342","6.68","221627.688","0.144","0.018","34.536","90.031","2576.592","150.8","1721679456","510000","500"
"DQN_ma-lander_4cb47_00003","finished","-","","2024-07-22T19:33:39.000Z","1311","false","-1","false","false","false","-1","false","false","false","false","action_mask","false","0.000005952040862869533","true","true","true","-1","-1","truncate_episodes","1","false","false","false","env_steps","false","-1","2024-07-22_19-55-28","60","-1","true","true","20","true","-1","true","false","false","false","ma-lander","1","30","1800","1","[[0,1],[10000,0.05]]","false","10","episodes","true","0","false","120","10000","0.02","1","EpsilonGreedy","true","false","false","torch","0.99","40","global_norm","[256]","e-bgbfbjbn-bkfqf-0","false","false","sampler","false","0","8","8","WARN","true","0.0005","1000","2","60","100","1000","0","false","false","false","-1","false","64","32","2","50","50","1","1","32","0","0","relu","84","tanh","[256,256]","true","false","false","256","false","-1","false","20","false","relu","[]","false","false","true","true","1","10.42.142.246","false","true","1","100","1","1","1","1","0","0","0","0","1000","60","NoFilter","false","true","[""obs"",""new_obs""]","67108864","4192928","PACK","[null,null,null,null]","-1","100","ray.rllib.algorithms.algorithm_config.AlgorithmConfig.DEFAULT_POLICY_MAPPING_FN","false","false","deepmind","false","0","false","false","50000","-1","0.6","0.4","0.000001","1","ray.rllib.utils.replay_buffers.multi_agent_prioritized_replay_buffer.MultiAgentPrioritizedReplayBuffer","false","false","auto","ray.rllib.evaluation.collectors.simple_list_collector.SimpleListCollector","60","0","0.3980991407858807","false","false","10","-1","500","0.6328566953262516","huber","true","1","true","2","2","false","false","inductor","FORWARD_TRAIN","false","onnxrt","32","4cb47_00003","/tmp/ray/session_2024-07-22_18-50-40_901447_3890015/artifacts/2024-07-22_18-50-43/DQN_2024-07-22_18-50-43/driver_artifacts/DQN_ma-lander_4cb47_00003_3_adam_epsilon=0.0000,n_step=1,sigma0=0.3981,tau=0.6329_2024-07-22_18-50-44","true","true","10","-10","true","-1","817091","509700","817091","271488","510000","271488","943","0.013655424118041992","0.010803937911987305","0.354356050491333","1522.01","411.8272322863011","280.4240298618174","-16.444444766502144","411.8272322863011","280.4240298618174","-16.444444766502144","1","152201","1","0","247.5681189866517","140.2120149309081","-118.9278351223631","0.23307517760448465","0","0.30985565649643104","2.4153946963283057","2.0759371201356704","509700","8483","0","0.0005","1.0663212537765503","66.11824035644531","28.79397773742676","-9.406959533691406","0.4903857707977295","32","8484","817091","271488","510000","271488","943","500","817091","817091","271488","510000","510000","1020","390.1093953828346","271488","544","208.05834420417844","60","0","0","544","12.1","12.8","1288.3271412849426","2.6288609504699707","1288.3271412849426","4690.222","6.823","207286.066","0.154","0.023","34.303","90.227","2583.224","151.195","1721678128","510000","500"
"DQN_ma-lander_4cb47_00002","finished","-","","2024-07-22T19:10:58.000Z","1350","false","-1","false","false","false","-1","false","false","false","false","action_mask","false","2.912023490852237e-8","true","true","true","-1","-1","truncate_episodes","1","false","false","false","env_steps","false","-1","2024-07-22_19-33-22","60","-1","true","true","20","true","-1","true","false","false","false","ma-lander","1","30","1800","1","[[0,1],[10000,0.05]]","false","10","episodes","true","0","false","120","10000","0.02","1","EpsilonGreedy","true","false","false","torch","0.99","40","global_norm","[256]","e-bgbfbjbn-bkfqf-0","false","false","sampler","false","0","8","8","WARN","true","0.0005","1000","2","60","100","1000","0","false","false","false","-1","false","64","32","2","50","50","1","1","32","0","0","relu","84","tanh","[256,256]","true","false","false","256","false","-1","false","20","false","relu","[]","false","false","true","true","1","10.42.142.246","false","true","1","100","1","1","1","1","0","0","0","0","1000","60","NoFilter","false","true","[""obs"",""new_obs""]","67108864","4029817","PACK","[null,null,null,null]","-1","100","ray.rllib.algorithms.algorithm_config.AlgorithmConfig.DEFAULT_POLICY_MAPPING_FN","false","false","deepmind","false","0","false","false","50000","-1","0.6","0.4","0.000001","1","ray.rllib.utils.replay_buffers.multi_agent_prioritized_replay_buffer.MultiAgentPrioritizedReplayBuffer","false","false","auto","ray.rllib.evaluation.collectors.simple_list_collector.SimpleListCollector","60","0","0.4963967683008211","false","false","10","-1","500","0.3791138302485394","huber","true","1","true","2","2","false","false","inductor","FORWARD_TRAIN","false","onnxrt","32","4cb47_00002","/tmp/ray/session_2024-07-22_18-50-40_901447_3890015/artifacts/2024-07-22_18-50-43/DQN_2024-07-22_18-50-43/driver_artifacts/DQN_ma-lander_4cb47_00002_2_adam_epsilon=0.0000,n_step=1,sigma0=0.4964,tau=0.3791_2024-07-22_18-50-44","true","true","10","-10","true","-1","842039","509700","842039","271488","510000","271488","943","0.013561487197875977","0.010993242263793944","0.3410184383392334","1630.34","432.7259806340072","311.60602803612704","25.107784059332204","432.7259806340072","311.60602803612704","25.107784059332204","1","163034","1","0","249.21591703891417","155.80301401806318","-3.231347128566542","0.23930714687034743","0","0.3240922710763495","2.44557963187879","2.143488532076835","509700","8483","0","0.0005","0.3972536623477936","81.5845718383789","11.058173179626465","-3.187455177307129","-0.08180277794599533","32","8484","842039","271488","510000","271488","943","500","842039","842039","271488","510000","510000","1020","396.199146514936","271488","544","211.30621147463253","60","0","0","544","16.75","16.9","1322.180733203888","2.5896077156066895","1322.180733203888","4362.69","7.335","205571.647","0.156","0.02","33.238","90.617","2591.329","148.964","1721676802","510000","500"
"DQN_ma-lander_4cb47_00001","finished","-","","2024-07-22T19:04:45.000Z","357","false","-1","false","false","false","-1","false","false","false","false","action_mask","false","0.000012557980374315812","true","true","true","-1","-1","truncate_episodes","1","false","false","false","env_steps","false","-1","2024-07-22_19-10-41","60","-1","true","true","20","true","-1","true","false","false","false","ma-lander","1","30","1800","1","[[0,1],[10000,0.05]]","false","10","episodes","true","0","false","120","10000","0.02","1","EpsilonGreedy","true","false","false","torch","0.99","40","global_norm","[256]","e-bgbfbjbn-bkfqf-0","false","false","sampler","false","0","8","8","WARN","true","0.0005","1000","2","60","100","1000","0","false","false","false","-1","false","64","32","2","50","50","1","1","32","0","0","relu","84","tanh","[256,256]","true","false","false","256","false","-1","false","20","false","relu","[]","false","false","true","true","16","10.42.142.246","false","true","1","100","1","1","1","1","0","0","0","0","1000","60","NoFilter","false","true","[""obs"",""new_obs""]","67108864","3985455","PACK","[null,null,null,null]","-1","100","ray.rllib.algorithms.algorithm_config.AlgorithmConfig.DEFAULT_POLICY_MAPPING_FN","false","false","deepmind","false","0","false","false","50000","-1","0.6","0.4","0.000001","1","ray.rllib.utils.replay_buffers.multi_agent_prioritized_replay_buffer.MultiAgentPrioritizedReplayBuffer","false","false","auto","ray.rllib.evaluation.collectors.simple_list_collector.SimpleListCollector","60","0","0.588604423146994","false","false","10","-1","500","0.6836020538396623","huber","true","1","true","2","2","false","false","inductor","FORWARD_TRAIN","false","onnxrt","32","4cb47_00001","/tmp/ray/session_2024-07-22_18-50-40_901447_3890015/artifacts/2024-07-22_18-50-43/DQN_2024-07-22_18-50-43/driver_artifacts/DQN_ma-lander_4cb47_00001_1_adam_epsilon=0.0000,n_step=16,sigma0=0.5886,tau=0.6836_2024-07-22_18-50-44","true","true","10","-10","true","-1","1382022","960000","1382022","31968","960000","31968","999","0.007062435150146484","0.005156517028808594","0.16823077201843262","1070","210.82534816854135","3.5989704982645403","-300.5197940919929","210.82534816854135","3.5989704982645403","-300.5197940919929","2","107000","2","0","169.02132561566387","1.7994852491321092","-425.1286089906582","0.1416916247490632","0","0.1894882073826167","1.431341321400437","0.5060514935235729","960000","998","0","0.0005","1.1785192489624023","8.538717269897461","-4.182735919952393","-88.73577880859375","-2.058187961578369","32","999","1382022","31968","960000","31968","999","500","1382022","1382022","31968","960000","960000","1920","3161.6486298780305","31968","64","105.38828766260102","60","0","0","64","9.05","7.4","336.8397755622864","0.6223430633544922","336.8397755622864","4249.118","7.531","176858.253","0.181","0.029","76.623","112.442","645.922","324.199","1721675441","960000","500"
"DQN_ma-lander_4cb47_00000","finished","-","","2024-07-22T18:51:00.000Z","809","false","-1","false","false","false","-1","false","false","false","false","action_mask","false","0.000027605916701063983","true","true","true","-1","-1","truncate_episodes","1","false","false","false","env_steps","false","-1","2024-07-22_19-04-27","60","-1","true","true","20","true","-1","true","false","false","false","ma-lander","1","30","1800","1","[[0,1],[10000,0.05]]","false","10","episodes","true","0","false","120","10000","0.02","1","EpsilonGreedy","true","false","false","torch","0.99","40","global_norm","[256]","e-bgbfbjbn-bkfqf-0","false","false","sampler","false","0","8","8","WARN","true","0.0005","1000","2","60","100","1000","0","false","false","false","-1","false","64","32","2","50","50","1","1","32","0","0","relu","84","tanh","[256,256]","true","false","false","256","false","-1","false","20","false","relu","[]","false","false","true","true","2","10.42.142.246","false","true","1","100","1","1","1","1","0","0","0","0","1000","60","NoFilter","false","true","[""obs"",""new_obs""]","67108864","3894501","PACK","[null,null,null,null]","-1","100","ray.rllib.algorithms.algorithm_config.AlgorithmConfig.DEFAULT_POLICY_MAPPING_FN","false","false","deepmind","false","0","false","false","50000","-1","0.6","0.4","0.000001","1","ray.rllib.utils.replay_buffers.multi_agent_prioritized_replay_buffer.MultiAgentPrioritizedReplayBuffer","false","false","auto","ray.rllib.evaluation.collectors.simple_list_collector.SimpleListCollector","60","0","0.08191808238248832","false","false","10","-1","500","0.7922428131706438","huber","true","1","true","2","2","false","false","inductor","FORWARD_TRAIN","false","onnxrt","32","4cb47_00000","/tmp/ray/session_2024-07-22_18-50-40_901447_3890015/artifacts/2024-07-22_18-50-43/DQN_2024-07-22_18-50-43/driver_artifacts/DQN_ma-lander_4cb47_00000_0_adam_epsilon=0.0000,n_step=2,sigma0=0.0819,tau=0.7922_2024-07-22_18-50-43","true","true","10","-10","true","-1","988287","539880","988287","143744","540000","143744","899","0.012479305267333984","0.010079622268676758","0.34206271171569824","1051.38","415.938276395671","248.5424829376796","25.072426132466887","415.938276395671","248.5424829376796","25.072426132466887","0","105138","0","0","242.13245865077403","124.27124146883908","-92.9775294087915","0.24022135593215996","0","0.29761550922617036","2.2065932304019444","1.5893603733129855","539880","4491","0","0.0005","0.30623742938041687","29.3618221282959","7.1524763107299805","0.5404202938079834","-0.06414792686700821","32","4492","988287","143744","540000","143744","899","500","988287","988287","143744","540000","540000","1080","754.2341877333438","143744","288","201.1291167288917","60","0","0","288","7.95","7.3","788.2282826900482","1.4460840225219729","788.2282826900482","4404.885","7.265","190812.806","0.168","0.022","37.251","84.024","1490.231","159.458","1721675067","540000","500"
"DQN_ma-lander_7293c_00029","finished","-","","2024-07-22T18:01:50.000Z","1361","false","-1","false","false","false","-1","false","false","false","false","action_mask","false","5.117048767501684e-9","true","true","true","-1","-1","truncate_episodes","1","false","false","false","env_steps","false","-1","2024-07-22_18-24-29","60","-1","true","true","20","true","-1","true","false","false","false","ma-lander","1","30","1800","1","[[0,1],[10000,0.05]]","false","10","episodes","true","0","false","120","10000","0.02","1","EpsilonGreedy","true","false","false","torch","0.99","40","global_norm","[256]","e-bgbfbjbn-bkfqf-0","false","false","sampler","false","0","8","8","WARN","true","0.0005","1000","2","60","100","1000","0","false","false","false","-1","false","64","32","2","50","50","1","1","32","0","0","relu","84","tanh","[256,256]","true","false","false","256","false","-1","false","20","false","relu","[]","false","false","true","true","1","10.42.142.246","false","true","1","100","1","1","1","1","0","0","0","0","1000","60","NoFilter","false","true","[""obs"",""new_obs""]","67108864","3609944","PACK","[null,null,null,null]","-1","100","ray.rllib.algorithms.algorithm_config.AlgorithmConfig.DEFAULT_POLICY_MAPPING_FN","false","false","deepmind","false","0","false","false","50000","-1","0.6","0.4","0.000001","1","ray.rllib.utils.replay_buffers.multi_agent_prioritized_replay_buffer.MultiAgentPrioritizedReplayBuffer","false","false","auto","ray.rllib.evaluation.collectors.simple_list_collector.SimpleListCollector","60","0","0.3246308199159306","false","false","10","-1","500","0.1139602429253872","huber","true","1","true","2","2","false","false","inductor","FORWARD_TRAIN","false","onnxrt","32","7293c_00029","/tmp/ray/session_2024-07-22_03-21-10_031522_1068183/artifacts/2024-07-22_03-21-12/DQN_2024-07-22_03-21-12/driver_artifacts/DQN_ma-lander_7293c_00029_29_adam_epsilon=0.0000,n_step=1,sigma0=0.3246,tau=0.1140_2024-07-22_03-21-13","true","true","10","-10","true","-1","848525","509700","848525","271488","510000","271488","943","0.012430906295776367","0.010993242263793944","0.34308958053588867","610.4","364.2693665266136","202.59241296557192","39.37112042308468","364.2693665266136","202.59241296557192","39.37112042308468","0","61040","0","0","243.5094738336812","101.2962064827856","-36.567777994503935","0.2429777444083349","0","0.3231087920169884","2.448427377952095","2.19569800430146","509700","8483","0","0.0005","0.25477278232574463","60.1391487121582","8.529479026794434","-1.780547857284546","-0.1656031310558319","32","8484","848525","271488","510000","271488","943","500","848525","848525","271488","510000","510000","1020","398.01137863787915","271488","544","212.27273527353557","60","0","0","544","14.533333333333331","18.233333333333334","1338.2632386684418","2.5882585048675537","1338.2632386684418","4769.015","6.71","220354.175","0.145","0.019","36.04","89.169","2513.71","150.589","1721672669","510000","500"
"DQN_ma-lander_7293c_00028","finished","-","","2024-07-22T17:46:49.000Z","883","false","-1","false","false","false","-1","false","false","false","false","action_mask","false","0.000005901160189278034","true","true","true","-1","-1","truncate_episodes","1","false","false","false","env_steps","false","-1","2024-07-22_18-01-29","60","-1","true","true","20","true","-1","true","false","false","false","ma-lander","1","30","1800","1","[[0,1],[10000,0.05]]","false","10","episodes","true","0","false","120","10000","0.02","1","EpsilonGreedy","true","false","false","torch","0.99","40","global_norm","[256]","e-bgbfbjbn-bkfqf-0","false","false","sampler","false","0","8","8","WARN","true","0.0005","1000","2","60","100","1000","0","false","false","false","-1","false","64","32","2","50","50","1","1","32","0","0","relu","84","tanh","[256,256]","true","false","false","256","false","-1","false","20","false","relu","[]","false","false","true","true","2","10.42.142.246","false","true","1","100","1","1","1","1","0","0","0","0","1000","60","NoFilter","false","true","[""obs"",""new_obs""]","67108864","3510902","PACK","[null,null,null,null]","-1","100","ray.rllib.algorithms.algorithm_config.AlgorithmConfig.DEFAULT_POLICY_MAPPING_FN","false","false","deepmind","false","0","false","false","50000","-1","0.6","0.4","0.000001","1","ray.rllib.utils.replay_buffers.multi_agent_prioritized_replay_buffer.MultiAgentPrioritizedReplayBuffer","false","false","auto","ray.rllib.evaluation.collectors.simple_list_collector.SimpleListCollector","60","0","0.4135093515895283","false","false","10","-1","500","0.6991897305497492","huber","true","1","true","2","2","false","false","inductor","FORWARD_TRAIN","false","onnxrt","32","7293c_00028","/tmp/ray/session_2024-07-22_03-21-10_031522_1068183/artifacts/2024-07-22_03-21-12/DQN_2024-07-22_03-21-12/driver_artifacts/DQN_ma-lander_7293c_00028_28_adam_epsilon=0.0000,n_step=2,sigma0=0.4135,tau=0.6992_2024-07-22_03-21-13","true","true","10","-10","true","-1","924158","539880","924158","143744","540000","143744","899","0.011771440505981444","0.009714603424072266","0.32982373237609863","1081.22","394.5157966173778","215.44521213342557","64.42850923902654","394.5157966173778","215.44521213342557","64.42850923902654","1","108122","1","0","221.09432328069985","107.72260606671205","3.813008236178333","0.2397876592986445","0","0.2975302503310596","2.296321398782051","1.5646728145294813","539880","4491","0","0.0005","0.5012248754501343","42.5317497253418","7.675682544708252","-7.103123664855957","-0.2248530089855194","32","4492","924158","143744","540000","143744","899","500","924158","924158","143744","540000","540000","1080","644.4947802711408","143744","288","171.86527473897087","60","0","0","288","17.6","21.6","857.2143182754517","1.690056562423706","857.2143182754517","4510.171","7.095","188614.008","0.17","0.022","59.11","89.559","1647.254","186.023","1721671289","540000","500"
"DQN_ma-lander_7293c_00026","finished","-","","2024-07-22T17:31:17.000Z","873","false","-1","false","false","false","-1","false","false","false","false","action_mask","false","1.1271248330011622e-9","true","true","true","-1","-1","truncate_episodes","1","false","false","false","env_steps","false","-1","2024-07-22_17-45-47","60","-1","true","true","20","true","-1","true","false","false","false","ma-lander","1","30","1800","1","[[0,1],[10000,0.05]]","false","10","episodes","true","0","false","120","10000","0.02","1","EpsilonGreedy","true","false","false","torch","0.99","40","global_norm","[256]","e-bgbfbjbn-bkfqf-0","false","false","sampler","false","0","8","8","WARN","true","0.0005","1000","2","60","100","1000","0","false","false","false","-1","false","64","32","2","50","50","1","1","32","0","0","relu","84","tanh","[256,256]","true","false","false","256","false","-1","false","20","false","relu","[]","false","false","true","true","2","10.42.142.246","false","true","1","100","1","1","1","1","0","0","0","0","1000","60","NoFilter","false","true","[""obs"",""new_obs""]","67108864","3388455","PACK","[null,null,null,null]","-1","100","ray.rllib.algorithms.algorithm_config.AlgorithmConfig.DEFAULT_POLICY_MAPPING_FN","false","false","deepmind","false","0","false","false","50000","-1","0.6","0.4","0.000001","1","ray.rllib.utils.replay_buffers.multi_agent_prioritized_replay_buffer.MultiAgentPrioritizedReplayBuffer","false","false","auto","ray.rllib.evaluation.collectors.simple_list_collector.SimpleListCollector","60","0","0.8133779002381036","false","false","10","-1","500","0.20634094694654528","huber","true","1","true","2","2","false","false","inductor","FORWARD_TRAIN","false","onnxrt","32","7293c_00026","/tmp/ray/session_2024-07-22_03-21-10_031522_1068183/artifacts/2024-07-22_03-21-12/DQN_2024-07-22_03-21-12/driver_artifacts/DQN_ma-lander_7293c_00026_26_adam_epsilon=0.0000,n_step=2,sigma0=0.8134,tau=0.2063_2024-07-22_03-21-13","true","true","10","-10","true","-1","967068","539880","967068","143744","540000","143744","899","0.011339426040649414","0.009293556213378906","0.34491872787475586","937.6","419.6850780914749","255.1964227387203","-0.3890016298720127","419.6850780914749","255.1964227387203","-0.3890016298720127","1","93760","1","0","245.29985103489048","127.59821136935948","-92.91299393125048","0.24548384105078075","0","0.2956727668702671","2.3017156843796083","1.6069519896405005","539880","4491","0","0.0005","0.7832211852073669","48.625823974609375","18.246116638183594","-2.5263853073120117","-0.07807569205760956","32","4492","967068","143744","540000","143744","899","500","967068","967068","143744","540000","540000","1080","531.7037285182447","143744","288","141.78766093819857","60","0","0","288","17","21.133333333333336","845.5509171485901","2.168354034423828","845.5509171485901","4516.181","7.086","196540.823","0.163","0.021","82.155","96.612","1654.922","218.017","1721670347","540000","500"
"DQN_ma-lander_7293c_00025","finished","-","","2024-07-22T17:09:12.000Z","1308","false","-1","false","false","false","-1","false","false","false","false","action_mask","false","0.0000018621022724481612","true","true","true","-1","-1","truncate_episodes","1","false","false","false","env_steps","false","-1","2024-07-22_17-30-58","60","-1","true","true","20","true","-1","true","false","false","false","ma-lander","1","30","1800","1","[[0,1],[10000,0.05]]","false","10","episodes","true","0","false","120","10000","0.02","1","EpsilonGreedy","true","false","false","torch","0.99","40","global_norm","[256]","e-bgbfbjbn-bkfqf-0","false","false","sampler","false","0","8","8","WARN","true","0.0005","1000","2","60","100","1000","0","false","false","false","-1","false","64","32","2","50","50","1","1","32","0","0","relu","84","tanh","[256,256]","true","false","false","256","false","-1","false","20","false","relu","[]","false","false","true","true","1","10.42.142.246","false","true","1","100","1","1","1","1","0","0","0","0","1000","60","NoFilter","false","true","[""obs"",""new_obs""]","67108864","3243202","PACK","[null,null,null,null]","-1","100","ray.rllib.algorithms.algorithm_config.AlgorithmConfig.DEFAULT_POLICY_MAPPING_FN","false","false","deepmind","false","0","false","false","50000","-1","0.6","0.4","0.000001","1","ray.rllib.utils.replay_buffers.multi_agent_prioritized_replay_buffer.MultiAgentPrioritizedReplayBuffer","false","false","auto","ray.rllib.evaluation.collectors.simple_list_collector.SimpleListCollector","60","0","0.4700243945097214","false","false","10","-1","500","0.6018206287910071","huber","true","1","true","2","2","false","false","inductor","FORWARD_TRAIN","false","onnxrt","32","7293c_00025","/tmp/ray/session_2024-07-22_03-21-10_031522_1068183/artifacts/2024-07-22_03-21-12/DQN_2024-07-22_03-21-12/driver_artifacts/DQN_ma-lander_7293c_00025_25_adam_epsilon=0.0000,n_step=1,sigma0=0.4700,tau=0.6018_2024-07-22_03-21-13","true","true","10","-10","true","-1","767740","509700","767740","271488","510000","271488","943","0.013595104217529295","0.011180639266967772","0.3434464931488037","1242.23","435.21688594620616","274.7051823537742","60.40707846964091","435.21688594620616","274.7051823537742","60.40707846964091","1","124223","1","0","236.5513575091053","137.35259117688645","-157.13922363728395","0.22059937088266737","0","0.2946170478678134","2.403179465384947","1.9456268239037604","509700","8483","0","0.0005","0.6489822268486023","51.81330871582031","22.712535858154297","-6.173192977905273","0.2740200161933899","32","8484","767740","271488","510000","271488","943","500","767740","767740","271488","510000","510000","1020","402.0831530790748","271488","544","214.4443483088399","60","0","0","544","12.4","17.3","1286.209777593613","2.7185540199279785","1286.209777593613","4808.999","6.654","211766.69","0.151","0.018","36.259","90.414","3091.705","152.126","1721669458","510000","500"
"DQN_ma-lander_7293c_00024","finished","-","","2024-07-22T16:46:57.000Z","1320","false","-1","false","false","false","-1","false","false","false","false","action_mask","false","3.076028906960691e-7","true","true","true","-1","-1","truncate_episodes","1","false","false","false","env_steps","false","-1","2024-07-22_17-08-55","60","-1","true","true","20","true","-1","true","false","false","false","ma-lander","1","30","1800","1","[[0,1],[10000,0.05]]","false","10","episodes","true","0","false","120","10000","0.02","1","EpsilonGreedy","true","false","false","torch","0.99","40","global_norm","[256]","e-bgbfbjbn-bkfqf-0","false","false","sampler","false","0","8","8","WARN","true","0.0005","1000","2","60","100","1000","0","false","false","false","-1","false","64","32","2","50","50","1","1","32","0","0","relu","84","tanh","[256,256]","true","false","false","256","false","-1","false","20","false","relu","[]","false","false","true","true","1","10.42.142.246","false","true","1","100","1","1","1","1","0","0","0","0","1000","60","NoFilter","false","true","[""obs"",""new_obs""]","67108864","3089184","PACK","[null,null,null,null]","-1","100","ray.rllib.algorithms.algorithm_config.AlgorithmConfig.DEFAULT_POLICY_MAPPING_FN","false","false","deepmind","false","0","false","false","50000","-1","0.6","0.4","0.000001","1","ray.rllib.utils.replay_buffers.multi_agent_prioritized_replay_buffer.MultiAgentPrioritizedReplayBuffer","false","false","auto","ray.rllib.evaluation.collectors.simple_list_collector.SimpleListCollector","60","0","0.8963995151175821","false","false","10","-1","500","0.5470281718539166","huber","true","1","true","2","2","false","false","inductor","FORWARD_TRAIN","false","onnxrt","32","7293c_00024","/tmp/ray/session_2024-07-22_03-21-10_031522_1068183/artifacts/2024-07-22_03-21-12/DQN_2024-07-22_03-21-12/driver_artifacts/DQN_ma-lander_7293c_00024_24_adam_epsilon=0.0000,n_step=1,sigma0=0.8964,tau=0.5470_2024-07-22_03-21-13","true","true","10","-10","true","-1","800670","509700","800670","271488","510000","271488","943","0.014189720153808594","0.011195659637451172","0.3554847240447998","1247.52","418.5466985720169","327.0890582271142","0.982089922133502","418.5466985720169","327.0890582271142","0.982089922133502","1","124752","1","0","246.09236807343575","163.54452911355642","-67.4989951988751","0.23779525682872485","0","0.3032161483494453","2.417899371940091","2.031836288812533","509700","8483","0","0.0005","0.9601393342018129","58.96329498291016","34.02056121826172","7.078559875488281","-0.2553909420967102","32","8484","800670","271488","510000","271488","943","500","800670","800670","271488","510000","510000","1020","400.83319380997887","271488","544","213.77770336532205","60","0","0","544","9.233333333333334","16.266666666666666","1299.1723988056185","2.559251070022583","1299.1723988056185","4781.077","6.693","219310.013","0.146","0.018","34.53","88.505","2582.069","149.284","1721668135","510000","500"
"DQN_ma-lander_7293c_00023","finished","-","","2024-07-22T16:24:18.000Z","1344","false","-1","false","false","false","-1","false","false","false","false","action_mask","false","0.000005988918185293987","true","true","true","-1","-1","truncate_episodes","1","false","false","false","env_steps","false","-1","2024-07-22_16-46-40","60","-1","true","true","20","true","-1","true","false","false","false","ma-lander","1","30","1800","1","[[0,1],[10000,0.05]]","false","10","episodes","true","0","false","120","10000","0.02","1","EpsilonGreedy","true","false","false","torch","0.99","40","global_norm","[256]","e-bgbfbjbn-bkfqf-0","false","false","sampler","false","0","8","8","WARN","true","0.0005","1000","2","60","100","1000","0","false","false","false","-1","false","64","32","2","50","50","1","1","32","0","0","relu","84","tanh","[256,256]","true","false","false","256","false","-1","false","20","false","relu","[]","false","false","true","true","1","10.42.142.246","false","true","1","100","1","1","1","1","0","0","0","0","1000","60","NoFilter","false","true","[""obs"",""new_obs""]","67108864","2932729","PACK","[null,null,null,null]","-1","100","ray.rllib.algorithms.algorithm_config.AlgorithmConfig.DEFAULT_POLICY_MAPPING_FN","false","false","deepmind","false","0","false","false","50000","-1","0.6","0.4","0.000001","1","ray.rllib.utils.replay_buffers.multi_agent_prioritized_replay_buffer.MultiAgentPrioritizedReplayBuffer","false","false","auto","ray.rllib.evaluation.collectors.simple_list_collector.SimpleListCollector","60","0","0.7262937108585694","false","false","10","-1","500","0.8199737711290971","huber","true","1","true","2","2","false","false","inductor","FORWARD_TRAIN","false","onnxrt","32","7293c_00023","/tmp/ray/session_2024-07-22_03-21-10_031522_1068183/artifacts/2024-07-22_03-21-12/DQN_2024-07-22_03-21-12/driver_artifacts/DQN_ma-lander_7293c_00023_23_adam_epsilon=0.0000,n_step=1,sigma0=0.7263,tau=0.8200_2024-07-22_03-21-13","true","true","10","-10","true","-1","784709","509700","784709","271488","510000","271488","943","0.01398158073425293","0.012186527252197266","0.39585447311401367","1873.78","351.80934870713645","186.79614151034883","-248.06163597440064","351.80934870713645","186.79614151034883","-248.06163597440064","0","187378","0","0","195.84412778356025","93.39807075517368","-213.76921707394985","0.2492088305623315","0","0.31450054850879006","2.4030291134696236","2.2837434248539923","509700","8483","0","0.0005","0.6107755303382874","37.37388610839844","11.392603874206545","1.5042582750320437","0.6301632523536682","32","8484","784709","271488","510000","271488","943","500","784709","784709","271488","510000","510000","1020","404.110033952047","271488","544","215.52535144109171","60","0","0","544","12.2","19.075000000000003","1321.326672077179","2.5385582447052","1321.326672077179","4855.871","6.59","215403.19","0.149","0.018","31.916","91.866","2574.527","148.644","1721666800","510000","500"
"DQN_ma-lander_7293c_00022","finished","-","","2024-07-22T16:15:47.000Z","497","false","-1","false","false","false","-1","false","false","false","false","action_mask","false","8.093896361224755e-9","true","true","true","-1","-1","truncate_episodes","1","false","false","false","env_steps","false","-1","2024-07-22_16-24-01","60","-1","true","true","20","true","-1","true","false","false","false","ma-lander","1","30","1800","1","[[0,1],[10000,0.05]]","false","10","episodes","true","0","false","120","10000","0.02","1","EpsilonGreedy","true","false","false","torch","0.99","40","global_norm","[256]","e-bgbfbjbn-bkfqf-0","false","false","sampler","false","0","8","8","WARN","true","0.0005","1000","2","60","100","1000","0","false","false","false","-1","false","64","32","2","50","50","1","1","32","0","0","relu","84","tanh","[256,256]","true","false","false","256","false","-1","false","20","false","relu","[]","false","false","true","true","4","10.42.142.246","false","true","1","100","1","1","1","1","0","0","0","0","1000","60","NoFilter","false","true","[""obs"",""new_obs""]","67108864","2874831","PACK","[null,null,null,null]","-1","100","ray.rllib.algorithms.algorithm_config.AlgorithmConfig.DEFAULT_POLICY_MAPPING_FN","false","false","deepmind","false","0","false","false","50000","-1","0.6","0.4","0.000001","1","ray.rllib.utils.replay_buffers.multi_agent_prioritized_replay_buffer.MultiAgentPrioritizedReplayBuffer","false","false","auto","ray.rllib.evaluation.collectors.simple_list_collector.SimpleListCollector","60","0","0.253588835380988","false","false","10","-1","500","0.0524895788447598","huber","true","1","true","2","2","false","false","inductor","FORWARD_TRAIN","false","onnxrt","32","7293c_00022","/tmp/ray/session_2024-07-22_03-21-10_031522_1068183/artifacts/2024-07-22_03-21-12/DQN_2024-07-22_03-21-12/driver_artifacts/DQN_ma-lander_7293c_00022_22_adam_epsilon=0.0000,n_step=4,sigma0=0.2536,tau=0.0525_2024-07-22_03-21-13","true","true","10","-10","true","-1","945708","599520","945708","79872","600000","79872","832","0.009043693542480469","0.007353544235229492","0.25087714195251465","1617.77","219.6001912086331","46.1980619139813","-70.91441812506176","219.6001912086331","46.1980619139813","-70.91441812506176","1","161777","1","0","168.66985746330977","23.09903095699045","-67.7709708411909","0.204146188449473","0","0.2524604143208866","1.975426456557967","0.9084825497890936","599520","2495","0","0.0005","0.719623327255249","6.834694862365723","0.6739851832389832","-1.9065134525299072","-0.06871791929006577","32","2496","945708","79872","600000","79872","832","500","945708","945708","79872","600000","600000","1200","1292.1755976533648","79872","160","172.2900796871153","60","0","0","160","17.3","15.5","474.8218338489533","0.9483635425567628","474.8218338489533","4573.006","6.998","206743.266","0.155","0.02","43.812","91.101","937.754","179.938","1721665441","600000","500"
"DQN_ma-lander_7293c_00021","finished","-","","2024-07-22T16:07:21.000Z","491","false","-1","false","false","false","-1","false","false","false","false","action_mask","false","8.559543218331799e-8","true","true","true","-1","-1","truncate_episodes","1","false","false","false","env_steps","false","-1","2024-07-22_16-15-30","60","-1","true","true","20","true","-1","true","false","false","false","ma-lander","1","30","1800","1","[[0,1],[10000,0.05]]","false","10","episodes","true","0","false","120","10000","0.02","1","EpsilonGreedy","true","false","false","torch","0.99","40","global_norm","[256]","e-bgbfbjbn-bkfqf-0","false","false","sampler","false","0","8","8","WARN","true","0.0005","1000","2","60","100","1000","0","false","false","false","-1","false","64","32","2","50","50","1","1","32","0","0","relu","84","tanh","[256,256]","true","false","false","256","false","-1","false","20","false","relu","[]","false","false","true","true","4","10.42.142.246","false","true","1","100","1","1","1","1","0","0","0","0","1000","60","NoFilter","false","true","[""obs"",""new_obs""]","67108864","2817412","PACK","[null,null,null,null]","-1","100","ray.rllib.algorithms.algorithm_config.AlgorithmConfig.DEFAULT_POLICY_MAPPING_FN","false","false","deepmind","false","0","false","false","50000","-1","0.6","0.4","0.000001","1","ray.rllib.utils.replay_buffers.multi_agent_prioritized_replay_buffer.MultiAgentPrioritizedReplayBuffer","false","false","auto","ray.rllib.evaluation.collectors.simple_list_collector.SimpleListCollector","60","0","0.3875972772403382","false","false","10","-1","500","0.6475722599108474","huber","true","1","true","2","2","false","false","inductor","FORWARD_TRAIN","false","onnxrt","32","7293c_00021","/tmp/ray/session_2024-07-22_03-21-10_031522_1068183/artifacts/2024-07-22_03-21-12/DQN_2024-07-22_03-21-12/driver_artifacts/DQN_ma-lander_7293c_00021_21_adam_epsilon=0.0000,n_step=4,sigma0=0.3876,tau=0.6476_2024-07-22_03-21-13","true","true","10","-10","true","-1","834797","599520","834797","79872","600000","79872","832","0.010298490524291992","0.008247137069702148","0.3013336658477783","1013.9","373.275302169014","28.70777850174459","-265.6828039224788","373.275302169014","28.70777850174459","-265.6828039224788","0","101390","0","0","223.25356701014212","14.353889250872149","-313.2219266622328","0.2047579253080198","0","0.25313085321344664","1.9906327398574977","0.916726666785539","599520","2495","0","0.0005","0.4368506669998169","11.364754676818848","2.1391589641571045","-2.2333874702453613","-0.15102502703666687","32","2496","834797","79872","600000","79872","832","500","834797","834797","79872","600000","600000","1200","1332.8537017852716","79872","160","177.7138269047029","60","0","0","160","15","23","469.817266702652","0.9215407371520996","469.817266702652","4578.606","6.989","192013.917","0.167","0.027","45.503","88.408","921.763","179.393","1721664930","600000","500"
"DQN_ma-lander_7293c_00020","finished","-","","2024-07-22T15:53:38.000Z","808","false","-1","false","false","false","-1","false","false","false","false","action_mask","false","1.0246262081405025e-8","true","true","true","-1","-1","truncate_episodes","1","false","false","false","env_steps","false","-1","2024-07-22_16-07-04","60","-1","true","true","20","true","-1","true","false","false","false","ma-lander","1","30","1800","1","[[0,1],[10000,0.05]]","false","10","episodes","true","0","false","120","10000","0.02","1","EpsilonGreedy","true","false","false","torch","0.99","40","global_norm","[256]","e-bgbfbjbn-bkfqf-0","false","false","sampler","false","0","8","8","WARN","true","0.0005","1000","2","60","100","1000","0","false","false","false","-1","false","64","32","2","50","50","1","1","32","0","0","relu","84","tanh","[256,256]","true","false","false","256","false","-1","false","20","false","relu","[]","false","false","true","true","2","10.42.142.246","false","true","1","100","1","1","1","1","0","0","0","0","1000","60","NoFilter","false","true","[""obs"",""new_obs""]","67108864","2721594","PACK","[null,null,null,null]","-1","100","ray.rllib.algorithms.algorithm_config.AlgorithmConfig.DEFAULT_POLICY_MAPPING_FN","false","false","deepmind","false","0","false","false","50000","-1","0.6","0.4","0.000001","1","ray.rllib.utils.replay_buffers.multi_agent_prioritized_replay_buffer.MultiAgentPrioritizedReplayBuffer","false","false","auto","ray.rllib.evaluation.collectors.simple_list_collector.SimpleListCollector","60","0","0.5781189362660207","false","false","10","-1","500","0.5647438763227333","huber","true","1","true","2","2","false","false","inductor","FORWARD_TRAIN","false","onnxrt","32","7293c_00020","/tmp/ray/session_2024-07-22_03-21-10_031522_1068183/artifacts/2024-07-22_03-21-12/DQN_2024-07-22_03-21-12/driver_artifacts/DQN_ma-lander_7293c_00020_20_adam_epsilon=0.0000,n_step=2,sigma0=0.5781,tau=0.5647_2024-07-22_03-21-13","true","true","10","-10","true","-1","969838","539880","969838","143744","540000","143744","899","0.011964082717895508","0.009813308715820312","0.3637962341308594","1286.49","380.37346931664825","113.27323753169485","-325.70862696778363","380.37346931664825","113.27323753169485","-325.70862696778363","0","128649","0","0","212.5876011258499","56.63661876584681","-337.91807880949204","0.2496643483510962","0","0.2995297032022845","2.2593729472071944","1.6227942324793925","539880","4491","0","0.0005","0.9827824831008912","20.12925910949707","5.755188941955566","-1.8851900100708008","0.12463751435279846","32","4492","969838","143744","540000","143744","899","500","969838","969838","143744","540000","540000","1080","763.1854506710445","143744","288","203.5161201789452","60","0","0","288","12.6","22.1","783.3062610626221","1.4311647415161133","783.3062610626221","4253.292","7.524","196771.336","0.163","0.02","37.932","86.166","1467.281","157.75","1721664424","540000","500"
"DQN_ma-lander_7293c_00019","finished","-","","2024-07-22T15:27:28.000Z","1556","false","-1","false","false","false","-1","false","false","false","false","action_mask","false","0.000023587807947144253","true","true","true","-1","-1","truncate_episodes","1","false","false","false","env_steps","false","-1","2024-07-22_15-53-22","60","-1","true","true","20","true","-1","true","false","false","false","ma-lander","1","30","1800","1","[[0,1],[10000,0.05]]","false","10","episodes","true","0","false","120","10000","0.02","1","EpsilonGreedy","true","false","false","torch","0.99","40","global_norm","[256]","e-bgbfbjbn-bkfqf-0","false","false","sampler","false","0","8","8","WARN","true","0.0005","1000","2","60","100","1000","0","false","false","false","-1","false","64","32","2","50","50","1","1","32","0","0","relu","84","tanh","[256,256]","true","false","false","256","false","-1","false","20","false","relu","[]","false","false","true","true","1","10.42.142.246","false","true","1","100","1","1","1","1","0","0","0","0","1000","60","NoFilter","false","true","[""obs"",""new_obs""]","67108864","2573376","PACK","[null,null,null,null]","-1","100","ray.rllib.algorithms.algorithm_config.AlgorithmConfig.DEFAULT_POLICY_MAPPING_FN","false","false","deepmind","false","0","false","false","50000","-1","0.6","0.4","0.000001","1","ray.rllib.utils.replay_buffers.multi_agent_prioritized_replay_buffer.MultiAgentPrioritizedReplayBuffer","false","false","auto","ray.rllib.evaluation.collectors.simple_list_collector.SimpleListCollector","60","0","0.601714452608657","false","false","10","-1","500","0.8206871062885194","huber","true","1","true","2","2","false","false","inductor","FORWARD_TRAIN","false","onnxrt","32","7293c_00019","/tmp/ray/session_2024-07-22_03-21-10_031522_1068183/artifacts/2024-07-22_03-21-12/DQN_2024-07-22_03-21-12/driver_artifacts/DQN_ma-lander_7293c_00019_19_adam_epsilon=0.0000,n_step=1,sigma0=0.6017,tau=0.8207_2024-07-22_03-21-13","true","true","10","-10","true","-1","829239","509700","829239","271488","510000","271488","943","0.013271093368530272","0.010945796966552734","0.35905957221984863","1072.35","452.2314350189194","309.7944348120893","85.02046040056402","452.2314350189194","309.7944348120893","85.02046040056402","2","107235","2","0","236.04455920133424","154.89721740604438","-16.048980670099702","0.23144978243550565","0","0.3047120546445268","2.39815755663065","2.071844200695776","509700","8483","0","0.0005","0.612470805644989","67.3776626586914","27.42622756958008","4.521288871765137","0.17565688490867615","32","8484","829239","271488","510000","271488","943","500","829239","829239","271488","510000","510000","1020","400.8606108045968","271488","544","213.79232576245164","60","0","0","544","12.733333333333334","21.2","1312.8511328697205","2.56036639213562","1312.8511328697205","4680.278","6.837","218240.208","0.147","0.021","35.47","88.414","2546.747","150.453","1721663602","510000","500"
"DQN_ma-lander_7293c_00018","finished","-","","2024-07-22T15:02:59.000Z","1453","false","-1","false","false","false","-1","false","false","false","false","action_mask","false","7.376048128383582e-8","true","true","true","-1","-1","truncate_episodes","1","false","false","false","env_steps","false","-1","2024-07-22_15-27-11","60","-1","true","true","20","true","-1","true","false","false","false","ma-lander","1","30","1800","1","[[0,1],[10000,0.05]]","false","10","episodes","true","0","false","120","10000","0.02","1","EpsilonGreedy","true","false","false","torch","0.99","40","global_norm","[256]","e-bgbfbjbn-bkfqf-0","false","false","sampler","false","0","8","8","WARN","true","0.0005","1000","2","60","100","1000","0","false","false","false","-1","false","64","32","2","50","50","1","1","32","0","0","relu","84","tanh","[256,256]","true","false","false","256","false","-1","false","20","false","relu","[]","false","false","true","true","1","10.42.142.246","false","true","1","100","1","1","1","1","0","0","0","0","1000","60","NoFilter","false","true","[""obs"",""new_obs""]","67108864","2421302","PACK","[null,null,null,null]","-1","100","ray.rllib.algorithms.algorithm_config.AlgorithmConfig.DEFAULT_POLICY_MAPPING_FN","false","false","deepmind","false","0","false","false","50000","-1","0.6","0.4","0.000001","1","ray.rllib.utils.replay_buffers.multi_agent_prioritized_replay_buffer.MultiAgentPrioritizedReplayBuffer","false","false","auto","ray.rllib.evaluation.collectors.simple_list_collector.SimpleListCollector","60","0","0.6326331855407752","false","false","10","-1","500","0.4940643748630309","huber","true","1","true","2","2","false","false","inductor","FORWARD_TRAIN","false","onnxrt","32","7293c_00018","/tmp/ray/session_2024-07-22_03-21-10_031522_1068183/artifacts/2024-07-22_03-21-12/DQN_2024-07-22_03-21-12/driver_artifacts/DQN_ma-lander_7293c_00018_18_adam_epsilon=0.0000,n_step=1,sigma0=0.6326,tau=0.4941_2024-07-22_03-21-13","true","true","10","-10","true","-1","800113","509700","800113","271488","510000","271488","943","0.013353586196899414","0.010797500610351562","0.33095574378967285","2475.68","405.3441326316805","248.21765551193897","45.9975965873324","405.3441326316805","248.21765551193897","45.9975965873324","3","247568","3","0","232.257827186878","124.10882775596754","-46.19189678770837","0.23408407135162465","0","0.3112686879571649","2.4259559377749573","2.070108298246391","509700","8483","0","0.0005","0.9014110565185548","59.68600845336914","16.89868927001953","-1.8488284349441528","0.0027918368577957153","32","8484","800113","271488","510000","271488","943","500","800113","800113","271488","510000","510000","1020","413.6434470689472","271488","544","220.60983843677184","60","0","0","544","13.825","22.2","1284.6053879261017","2.4788177013397217","1284.6053879261017","4346.57","7.362","195311.013","0.164","0.023","33.926","86.865","2563.94","147.333","1721662031","510000","500"
"DQN_ma-lander_7293c_00017","finished","-","","2024-07-22T14:54:48.000Z","476","false","-1","false","false","false","-1","false","false","false","false","action_mask","false","0.00007611154816218791","true","true","true","-1","-1","truncate_episodes","1","false","false","false","env_steps","false","-1","2024-07-22_15-02-41","60","-1","true","true","20","true","-1","true","false","false","false","ma-lander","1","30","1800","1","[[0,1],[10000,0.05]]","false","10","episodes","true","0","false","120","10000","0.02","1","EpsilonGreedy","true","false","false","torch","0.99","40","global_norm","[256]","e-bgbfbjbn-bkfqf-0","false","false","sampler","false","0","8","8","WARN","true","0.0005","1000","2","60","100","1000","0","false","false","false","-1","false","64","32","2","50","50","1","1","32","0","0","relu","84","tanh","[256,256]","true","false","false","256","false","-1","false","20","false","relu","[]","false","false","true","true","8","10.42.142.246","false","true","1","100","1","1","1","1","0","0","0","0","1000","60","NoFilter","false","true","[""obs"",""new_obs""]","67108864","2365047","PACK","[null,null,null,null]","-1","100","ray.rllib.algorithms.algorithm_config.AlgorithmConfig.DEFAULT_POLICY_MAPPING_FN","false","false","deepmind","false","0","false","false","50000","-1","0.6","0.4","0.000001","1","ray.rllib.utils.replay_buffers.multi_agent_prioritized_replay_buffer.MultiAgentPrioritizedReplayBuffer","false","false","auto","ray.rllib.evaluation.collectors.simple_list_collector.SimpleListCollector","60","0","0.5274120645354397","false","false","10","-1","500","0.5399202511205465","huber","true","1","true","2","2","false","false","inductor","FORWARD_TRAIN","false","onnxrt","32","7293c_00017","/tmp/ray/session_2024-07-22_03-21-10_031522_1068183/artifacts/2024-07-22_03-21-12/DQN_2024-07-22_03-21-12/driver_artifacts/DQN_ma-lander_7293c_00017_17_adam_epsilon=0.0001,n_step=8,sigma0=0.5274,tau=0.5399_2024-07-22_03-21-13","true","true","10","-10","true","-1","1059807","719520","1059807","47936","720000","47936","749","0.007616043090820312","0.0057659149169921875","0.19958996772766113","556.25","99.35036953065152","-27.132708639051636","-138.51738389041603","99.35036953065152","-27.132708639051636","-138.51738389041603","3","55625","3","0","58.33819931085842","-13.566354319525812","-99.74047896925336","0.17111932880588232","0","0.21705923081868847","1.7272889948935053","0.6271091458248863","719520","1497","0","0.0005","1.371265530586243","7.779436111450195","0.3472360670566559","-17.94384765625","-0.5104579925537109","32","1498","1059807","47936","720000","47936","749","500","1059807","1059807","47936","720000","720000","1440","2186.512012824105","47936","96","145.76746752160702","60","0","0","96","18","20.1","381.64378547668457","0.6756527423858643","381.64378547668457","4447.256","7.195","193788.23","0.165","0.029","54.046","88.366","697.144","220.665","1721660561","720000","500"
"DQN_ma-lander_7293c_00016","finished","-","","2024-07-22T14:45:51.000Z","523","false","-1","false","false","false","-1","false","false","false","false","action_mask","false","7.893369886383653e-8","true","true","true","-1","-1","truncate_episodes","1","false","false","false","env_steps","false","-1","2024-07-22_14-54-32","60","-1","true","true","20","true","-1","true","false","false","false","ma-lander","1","30","1800","1","[[0,1],[10000,0.05]]","false","10","episodes","true","0","false","120","10000","0.02","1","EpsilonGreedy","true","false","false","torch","0.99","40","global_norm","[256]","e-bgbfbjbn-bkfqf-0","false","false","sampler","false","0","8","8","WARN","true","0.0005","1000","2","60","100","1000","0","false","false","false","-1","false","64","32","2","50","50","1","1","32","0","0","relu","84","tanh","[256,256]","true","false","false","256","false","-1","false","20","false","relu","[]","false","false","true","true","4","10.42.142.246","false","true","1","100","1","1","1","1","0","0","0","0","1000","60","NoFilter","false","true","[""obs"",""new_obs""]","67108864","2304890","PACK","[null,null,null,null]","-1","100","ray.rllib.algorithms.algorithm_config.AlgorithmConfig.DEFAULT_POLICY_MAPPING_FN","false","false","deepmind","false","0","false","false","50000","-1","0.6","0.4","0.000001","1","ray.rllib.utils.replay_buffers.multi_agent_prioritized_replay_buffer.MultiAgentPrioritizedReplayBuffer","false","false","auto","ray.rllib.evaluation.collectors.simple_list_collector.SimpleListCollector","60","0","0.15076930237688813","false","false","10","-1","500","0.2712302392881232","huber","true","1","true","2","2","false","false","inductor","FORWARD_TRAIN","false","onnxrt","32","7293c_00016","/tmp/ray/session_2024-07-22_03-21-10_031522_1068183/artifacts/2024-07-22_03-21-12/DQN_2024-07-22_03-21-12/driver_artifacts/DQN_ma-lander_7293c_00016_16_adam_epsilon=0.0000,n_step=4,sigma0=0.1508,tau=0.2712_2024-07-22_03-21-13","true","true","10","-10","true","-1","993687","599520","993687","79872","600000","79872","832","0.00932002067565918","0.007448673248291016","0.23601531982421875","2910.75","274.0235967613893","43.57770464174464","-116.07615378947648","274.0235967613893","43.57770464174464","-116.07615378947648","1","291075","1","0","162.26845933580574","21.788852320871097","-77.0837713075343","0.20548679421265476","0","0.25685986127926197","1.9665294050699496","0.9145143203109052","599520","2495","0","0.0005","0.191488578915596","5.377676010131836","0.4001942574977875","-6.0110673904418945","0.36561957001686096","32","2496","993687","79872","600000","79872","832","500","993687","993687","79872","600000","600000","1200","1363.2136662502858","79872","160","181.76182216670475","60","0","0","160","15","19.5","498.91863560676575","0.8973889350891113","498.91863560676575","4630.88","6.91","199165.645","0.161","0.026","44.497","88.924","891.353","179.486","1721660072","600000","500"
"DQN_ma-lander_7293c_00015","finished","-","","2024-07-22T14:34:33.000Z","664","false","-1","false","false","false","-1","false","false","false","false","action_mask","false","8.621168798394576e-8","true","true","true","-1","-1","truncate_episodes","1","false","false","false","env_steps","false","-1","2024-07-22_14-45-35","60","-1","true","true","20","true","-1","true","false","false","false","ma-lander","1","30","1800","1","[[0,1],[10000,0.05]]","false","10","episodes","true","0","false","120","10000","0.02","1","EpsilonGreedy","true","false","false","torch","0.99","40","global_norm","[256]","e-bgbfbjbn-bkfqf-0","false","false","sampler","false","0","8","8","WARN","true","0.0005","1000","2","60","100","1000","0","false","false","false","-1","false","64","32","2","50","50","1","1","32","0","0","relu","84","tanh","[256,256]","true","false","false","256","false","-1","false","20","false","relu","[]","false","false","true","true","4","10.42.142.246","false","true","1","100","1","1","1","1","0","0","0","0","1000","60","NoFilter","false","true","[""obs"",""new_obs""]","67108864","2247197","PACK","[null,null,null,null]","-1","100","ray.rllib.algorithms.algorithm_config.AlgorithmConfig.DEFAULT_POLICY_MAPPING_FN","false","false","deepmind","false","0","false","false","50000","-1","0.6","0.4","0.000001","1","ray.rllib.utils.replay_buffers.multi_agent_prioritized_replay_buffer.MultiAgentPrioritizedReplayBuffer","false","false","auto","ray.rllib.evaluation.collectors.simple_list_collector.SimpleListCollector","60","0","0.5650616963475875","false","false","10","-1","500","0.5204782544213574","huber","true","1","true","2","2","false","false","inductor","FORWARD_TRAIN","false","onnxrt","32","7293c_00015","/tmp/ray/session_2024-07-22_03-21-10_031522_1068183/artifacts/2024-07-22_03-21-12/DQN_2024-07-22_03-21-12/driver_artifacts/DQN_ma-lander_7293c_00015_15_adam_epsilon=0.0000,n_step=4,sigma0=0.5651,tau=0.5205_2024-07-22_03-21-13","true","true","10","-10","true","-1","931138","599520","931138","79872","600000","79872","832","0.009436845779418944","0.007560253143310547","0.2536325454711914","1752.85","129.10113956120307","15.431180947352992","-118.52884927821124","129.10113956120307","15.431180947352992","-118.52884927821124","0","175285","0","0","94.01660026580156","7.715590473676247","-79.10557762068105","0.19642550789739535","0","0.24834398563217255","1.9671679468868808","0.8690197351350626","599520","2495","0","0.0005","0.5451682209968567","39.71288299560547","4.179597854614258","-1.775309443473816","-0.10447578877210616","32","2496","931138","79872","600000","79872","832","500","931138","931138","79872","600000","600000","1200","1279.8082969444529","79872","160","170.64110625926037","60","0","0","160","11.4","14.1","478.99099707603455","0.9512872695922852","478.99099707603455","4416.379","7.246","205823.843","0.155","0.023","44.129","89.042","945.317","184.793","1721659535","600000","500"
"DQN_ma-lander_7293c_00014","finished","-","","2024-07-22T14:12:11.000Z","1328","false","-1","false","false","false","-1","false","false","false","false","action_mask","false","0.000008255544878560392","true","true","true","-1","-1","truncate_episodes","1","false","false","false","env_steps","false","-1","2024-07-22_14-34-16","60","-1","true","true","20","true","-1","true","false","false","false","ma-lander","1","30","1800","1","[[0,1],[10000,0.05]]","false","10","episodes","true","0","false","120","10000","0.02","1","EpsilonGreedy","true","false","false","torch","0.99","40","global_norm","[256]","e-bgbfbjbn-bkfqf-0","false","false","sampler","false","0","8","8","WARN","true","0.0005","1000","2","60","100","1000","0","false","false","false","-1","false","64","32","2","50","50","1","1","32","0","0","relu","84","tanh","[256,256]","true","false","false","256","false","-1","false","20","false","relu","[]","false","false","true","true","1","10.42.142.246","false","true","1","100","1","1","1","1","0","0","0","0","1000","60","NoFilter","false","true","[""obs"",""new_obs""]","67108864","2103148","PACK","[null,null,null,null]","-1","100","ray.rllib.algorithms.algorithm_config.AlgorithmConfig.DEFAULT_POLICY_MAPPING_FN","false","false","deepmind","false","0","false","false","50000","-1","0.6","0.4","0.000001","1","ray.rllib.utils.replay_buffers.multi_agent_prioritized_replay_buffer.MultiAgentPrioritizedReplayBuffer","false","false","auto","ray.rllib.evaluation.collectors.simple_list_collector.SimpleListCollector","60","0","0.4015938874687751","false","false","10","-1","500","0.6592055648399924","huber","true","1","true","2","2","false","false","inductor","FORWARD_TRAIN","false","onnxrt","32","7293c_00014","/tmp/ray/session_2024-07-22_03-21-10_031522_1068183/artifacts/2024-07-22_03-21-12/DQN_2024-07-22_03-21-12/driver_artifacts/DQN_ma-lander_7293c_00014_14_adam_epsilon=0.0000,n_step=1,sigma0=0.4016,tau=0.6592_2024-07-22_03-21-13","true","true","10","-10","true","-1","828824","509700","828824","271488","510000","271488","943","0.014049530029296877","0.011426448822021484","0.3655695915222168","935.67","377.9223853396229","176.12211832179085","-66.92330204548918","377.9223853396229","176.12211832179085","-66.92330204548918","0","93567","0","0","236.40067168227347","88.06105916089511","-106.04109636561846","0.2556155129426259","0","0.3252424126395643","2.407399853993249","2.291797057049667","509700","8483","0","0.0005","0.2977466583251953","22.356597900390625","6.57437801361084","-0.009287446737289429","0.21638542413711548","32","8484","828824","271488","510000","271488","943","500","828824","828824","271488","510000","510000","1020","398.5300019767253","271488","544","212.54933438758684","60","0","0","544","11.475","17.675","1281.9283559322355","2.578118085861206","1281.9283559322355","4824.245","6.633","217603.32","0.147","0.017","33.498","91.915","2573.88","151.156","1721658856","510000","500"
"DQN_ma-lander_7293c_00013","finished","-","","2024-07-22T14:03:38.000Z","498","false","-1","false","false","false","-1","false","false","false","false","action_mask","false","3.0041967115605637e-10","true","true","true","-1","-1","truncate_episodes","1","false","false","false","env_steps","false","-1","2024-07-22_14-11-55","60","-1","true","true","20","true","-1","true","false","false","false","ma-lander","1","30","1800","1","[[0,1],[10000,0.05]]","false","10","episodes","true","0","false","120","10000","0.02","1","EpsilonGreedy","true","false","false","torch","0.99","40","global_norm","[256]","e-bgbfbjbn-bkfqf-0","false","false","sampler","false","0","8","8","WARN","true","0.0005","1000","2","60","100","1000","0","false","false","false","-1","false","64","32","2","50","50","1","1","32","0","0","relu","84","tanh","[256,256]","true","false","false","256","false","-1","false","20","false","relu","[]","false","false","true","true","4","10.42.142.246","false","true","1","100","1","1","1","1","0","0","0","0","1000","60","NoFilter","false","true","[""obs"",""new_obs""]","67108864","2037568","PACK","[null,null,null,null]","-1","100","ray.rllib.algorithms.algorithm_config.AlgorithmConfig.DEFAULT_POLICY_MAPPING_FN","false","false","deepmind","false","0","false","false","50000","-1","0.6","0.4","0.000001","1","ray.rllib.utils.replay_buffers.multi_agent_prioritized_replay_buffer.MultiAgentPrioritizedReplayBuffer","false","false","auto","ray.rllib.evaluation.collectors.simple_list_collector.SimpleListCollector","60","0","0.5721660001165332","false","false","10","-1","500","0.038580890760848585","huber","true","1","true","2","2","false","false","inductor","FORWARD_TRAIN","false","onnxrt","32","7293c_00013","/tmp/ray/session_2024-07-22_03-21-10_031522_1068183/artifacts/2024-07-22_03-21-12/DQN_2024-07-22_03-21-12/driver_artifacts/DQN_ma-lander_7293c_00013_13_adam_epsilon=0.0000,n_step=4,sigma0=0.5722,tau=0.0386_2024-07-22_03-21-13","true","true","10","-10","true","-1","906050","599520","906050","79872","600000","79872","832","0.009612083435058594","0.007562160491943359","0.25283169746398926","1399.83","255.43625622485808","85.06495658765469","-63.50269481872301","255.43625622485808","85.06495658765469","-63.50269481872301","1","139983","1","0","192.28570354622892","42.53247829382719","-60.13142304661668","0.19570825908039968","0","0.2509320691992684","1.9680920860568865","0.8657861401344487","599520","2495","0","0.0005","0.4321257472038269","10.684696197509766","2.3854260444641113","-1.889006495475769","-0.09127282351255415","32","2496","906050","79872","600000","79872","832","500","906050","906050","79872","600000","600000","1200","1363.801350533702","79872","160","181.8401800711603","60","0","0","160","7.7","7.3","477.28382563591","0.9012289047241212","477.28382563591","4601.225","6.955","222804.993","0.144","0.022","42.607","86.66","875.853","174.867","1721657515","600000","500"
"DQN_ma-lander_7293c_00010","finished","-","","2024-07-22T14:01:53.000Z","21","false","-1","false","false","false","-1","false","false","false","false","action_mask","false","1.9226451693509933e-7","true","true","true","-1","-1","truncate_episodes","1","false","false","false","env_steps","false","-1","2024-07-22_14-02-13","60","-1","true","true","20","true","-1","true","false","false","false","ma-lander","1","30","1800","1","[[0,1],[10000,0.05]]","false","10","episodes","true","0","false","120","10000","0.02","1","EpsilonGreedy","true","false","false","torch","0.99","40","global_norm","[256]","e-bgbfbjbn-bkfqf-0","false","false","sampler","false","0","8","8","WARN","true","0.0005","1000","2","60","100","1000","0","false","false","false","-1","false","64","32","2","50","50","1","1","32","0","0","relu","84","tanh","[256,256]","true","false","false","256","false","-1","false","20","false","relu","[]","false","false","true","true","8","10.42.142.246","false","true","1","100","1","1","1","1","0","0","0","0","1000","60","NoFilter","false","true","[""obs"",""new_obs""]","67108864","2004068","PACK","[null,null,null,null]","-1","100","ray.rllib.algorithms.algorithm_config.AlgorithmConfig.DEFAULT_POLICY_MAPPING_FN","false","false","deepmind","false","0","false","false","50000","-1","0.6","0.4","0.000001","1","ray.rllib.utils.replay_buffers.multi_agent_prioritized_replay_buffer.MultiAgentPrioritizedReplayBuffer","false","false","auto","ray.rllib.evaluation.collectors.simple_list_collector.SimpleListCollector","60","0","0.5363236967064631","false","false","10","-1","500","0.716665636648892","huber","true","1","true","2","2","false","false","inductor","FORWARD_TRAIN","false","onnxrt","32","7293c_00010","/tmp/ray/session_2024-07-22_03-21-10_031522_1068183/artifacts/2024-07-22_03-21-12/DQN_2024-07-22_03-21-12/driver_artifacts/DQN_ma-lander_7293c_00010_10_adam_epsilon=0.0000,n_step=8,sigma0=0.5363,tau=0.7167_2024-07-22_03-21-13","true","true","10","-10","true","-1","75101","38880","75101","2528","38880","2528","40","0.008118867874145508","0.006701946258544922","0.2556633949279785","96.84","229.17875294399505","-67.6717077434352","-529.7503469024414","229.17875294399505","-67.6717077434352","-529.7503469024414","3","9684","3","0","174.4063534710851","-33.835853871717624","-473.57261068518665","0.19792142238689345","0","0.2342291625560906","1.6514421031025477","0.7472631929362545","38880","78","0","0.0005","2.1492154598236084","1.4289494752883911","-16.85919189453125","-36.1569709777832","0.7350414991378784","32","79","75101","2528","38880","2528","40","27","75101","75101","2528","38880","38880","1440","2074.0650632645365","2528","96","138.27100421763578","60","0","0","96","9.6","7.3","20.17211151123047","0.7087843418121338","20.17211151123047","4664.662","6.86","204600.195","0.156","0.024","57.371","82.721","763.401","264.97","1721656933","38880","27"
"DQN_ma-lander_7293c_00008","finished","-","","2024-07-22T13:48:31.000Z","768","false","-1","false","false","false","-1","false","false","false","false","action_mask","false","8.217668246977897e-8","true","true","true","-1","-1","truncate_episodes","1","false","false","false","env_steps","false","-1","2024-07-22_14-01-16","60","-1","true","true","20","true","-1","true","false","false","false","ma-lander","1","30","1800","1","[[0,1],[10000,0.05]]","false","10","episodes","true","0","false","120","10000","0.02","1","EpsilonGreedy","true","false","false","torch","0.99","40","global_norm","[256]","e-bgbfbjbn-bkfqf-0","false","false","sampler","false","0","8","8","WARN","true","0.0005","1000","2","60","100","1000","0","false","false","false","-1","false","64","32","2","50","50","1","1","32","0","0","relu","84","tanh","[256,256]","true","false","false","256","false","-1","false","20","false","relu","[]","false","false","true","true","2","10.42.142.246","false","true","1","100","1","1","1","1","0","0","0","0","1000","60","NoFilter","false","true","[""obs"",""new_obs""]","67108864","1909829","PACK","[null,null,null,null]","-1","100","ray.rllib.algorithms.algorithm_config.AlgorithmConfig.DEFAULT_POLICY_MAPPING_FN","false","false","deepmind","false","0","false","false","50000","-1","0.6","0.4","0.000001","1","ray.rllib.utils.replay_buffers.multi_agent_prioritized_replay_buffer.MultiAgentPrioritizedReplayBuffer","false","false","auto","ray.rllib.evaluation.collectors.simple_list_collector.SimpleListCollector","60","0","0.5001306096133505","false","false","10","-1","500","0.959076830708946","huber","true","1","true","2","2","false","false","inductor","FORWARD_TRAIN","false","onnxrt","32","7293c_00008","/tmp/ray/session_2024-07-22_03-21-10_031522_1068183/artifacts/2024-07-22_03-21-12/DQN_2024-07-22_03-21-12/driver_artifacts/DQN_ma-lander_7293c_00008_8_adam_epsilon=0.0000,n_step=2,sigma0=0.5001,tau=0.9591_2024-07-22_03-21-13","true","true","10","-10","true","-1","866816","539880","866816","143744","540000","143744","899","0.01143813133239746","0.01079559326171875","0.2953670024871826","3274.34","242.52409623171036","103.72695602452164","-135.2695789819561","242.52409623171036","103.72695602452164","-135.2695789819561","1","327434","1","0","215.7189196503066","51.863478012259655","-117.27949231711636","0.22546839131135585","0","0.2873166722597578","2.250733309833368","1.4530869578544148","539880","4491","0","0.0005","0.5162026286125183","23.052440643310547","11.248268127441406","0.33769965171813965","0.1815212070941925","32","4492","866816","143744","540000","143744","899","500","866816","866816","143744","540000","540000","1080","724.7116087168607","143744","288","193.2564289911629","60","0","0","288","8.3","7.3","744.7852871417999","1.5081453323364258","744.7852871417999","4835.072","6.618","219381.706","0.146","0.023","41.836","89.09","1434.084","164.565","1721656876","540000","500"
"DQN_ma-lander_7293c_00006","finished","-","","2024-07-22T13:25:43.000Z","1318","false","-1","false","false","false","-1","false","false","false","false","action_mask","false","0.000002887976424042544","true","true","true","-1","-1","truncate_episodes","1","false","false","false","env_steps","false","-1","2024-07-22_13-47-38","60","-1","true","true","20","true","-1","true","false","false","false","ma-lander","1","30","1800","1","[[0,1],[10000,0.05]]","false","10","episodes","true","0","false","120","10000","0.02","1","EpsilonGreedy","true","false","false","torch","0.99","40","global_norm","[256]","e-bgbfbjbn-bkfqf-0","false","false","sampler","false","0","8","8","WARN","true","0.0005","1000","2","60","100","1000","0","false","false","false","-1","false","64","32","2","50","50","1","1","32","0","0","relu","84","tanh","[256,256]","true","false","false","256","false","-1","false","20","false","relu","[]","false","false","true","true","1","10.42.142.246","false","true","1","100","1","1","1","1","0","0","0","0","1000","60","NoFilter","false","true","[""obs"",""new_obs""]","67108864","1744126","PACK","[null,null,null,null]","-1","100","ray.rllib.algorithms.algorithm_config.AlgorithmConfig.DEFAULT_POLICY_MAPPING_FN","false","false","deepmind","false","0","false","false","50000","-1","0.6","0.4","0.000001","1","ray.rllib.utils.replay_buffers.multi_agent_prioritized_replay_buffer.MultiAgentPrioritizedReplayBuffer","false","false","auto","ray.rllib.evaluation.collectors.simple_list_collector.SimpleListCollector","60","0","0.774329888667423","false","false","10","-1","500","0.33302174619462466","huber","true","1","true","2","2","false","false","inductor","FORWARD_TRAIN","false","onnxrt","32","7293c_00006","/tmp/ray/session_2024-07-22_03-21-10_031522_1068183/artifacts/2024-07-22_03-21-12/DQN_2024-07-22_03-21-12/driver_artifacts/DQN_ma-lander_7293c_00006_6_adam_epsilon=0.0000,n_step=1,sigma0=0.7743,tau=0.3330_2024-07-22_03-21-13","true","true","10","-10","true","-1","852948","509700","852948","271488","510000","271488","943","0.012688875198364258","0.011000871658325195","0.3374171257019043","1266.47","431.78366265028455","304.23982444499774","179.39081239691996","431.78366265028455","304.23982444499774","179.39081239691996","0","126647","0","0","244.3467013724412","152.11991222249824","36.64207959367903","0.24262718587585871","0","0.32165563605906294","2.3966923278455505","2.164414117114213","509700","8483","0","0.0005","0.3846692442893982","77.36018371582031","14.944913864135742","-4.20361328125","-0.06712130457162857","32","8484","852948","271488","510000","271488","943","500","852948","852948","271488","510000","510000","1020","416.2016544594055","271488","544","221.97421571168297","60","0","0","544","7.833333333333333","7.3","1293.5820350646973","2.464384078979492","1293.5820350646973","4426.151","7.23","199343.128","0.161","0.018","32.411","86.533","2518.391","144.1","1721656058","510000","500"
"DQN_ma-lander_7293c_00005","finished","-","","2024-07-22T13:04:59.000Z","1221","false","-1","false","false","false","-1","false","false","false","false","action_mask","false","0.000009910426752686874","true","true","true","-1","-1","truncate_episodes","1","false","false","false","env_steps","false","-1","2024-07-22_13-25-18","60","-1","true","true","20","true","-1","true","false","false","false","ma-lander","1","30","1800","1","[[0,1],[10000,0.05]]","false","10","episodes","true","0","false","120","10000","0.02","1","EpsilonGreedy","true","false","false","torch","0.99","40","global_norm","[256]","e-bgbfbjbn-bkfqf-0","false","false","sampler","false","0","8","8","WARN","true","0.0005","1000","2","60","100","1000","0","false","false","false","-1","false","64","32","2","50","50","1","1","32","0","0","relu","84","tanh","[256,256]","true","false","false","256","false","-1","false","20","false","relu","[]","false","false","true","true","2","10.42.142.246","false","true","1","100","1","1","1","1","0","0","0","0","1000","60","NoFilter","false","true","[""obs"",""new_obs""]","67108864","1637746","PACK","[null,null,null,null]","-1","100","ray.rllib.algorithms.algorithm_config.AlgorithmConfig.DEFAULT_POLICY_MAPPING_FN","false","false","deepmind","false","0","false","false","50000","-1","0.6","0.4","0.000001","1","ray.rllib.utils.replay_buffers.multi_agent_prioritized_replay_buffer.MultiAgentPrioritizedReplayBuffer","false","false","auto","ray.rllib.evaluation.collectors.simple_list_collector.SimpleListCollector","60","0","0.43368346135150593","false","false","10","-1","500","0.8373234704996426","huber","true","1","true","2","2","false","false","inductor","FORWARD_TRAIN","false","onnxrt","32","7293c_00005","/tmp/ray/session_2024-07-22_03-21-10_031522_1068183/artifacts/2024-07-22_03-21-12/DQN_2024-07-22_03-21-12/driver_artifacts/DQN_ma-lander_7293c_00005_5_adam_epsilon=0.0000,n_step=2,sigma0=0.4337,tau=0.8373_2024-07-22_03-21-13","true","true","10","-10","true","-1","893866","539880","893866","143744","540000","143744","899","0.011638402938842772","0.009528636932373049","0.2921104431152344","1171.27","415.0250982681608","244.82734510101216","39.906124908419045","415.0250982681608","244.82734510101216","39.906124908419045","0","117127","0","0","248.61340384313115","122.41367255050513","-85.51925121644925","0.23484685189414103","0","0.2974963890136435","2.2299895898949775","1.526251933067777","539880","4491","0","0.0005","0.18824754655361176","43.1640739440918","8.296161651611328","-0.972630262374878","0.029396219179034233","32","4492","893866","143744","540000","143744","899","500","893866","893866","143744","540000","540000","1080","797.8706391739067","143744","288","212.76550377970847","60","0","0","288","4.85","5.6","755.2384474277496","1.3681111335754397","755.2384474277496","4886.188","6.549","220825.482","0.145","0.018","37.397","83.231","1449.054","150.582","1721654718","540000","500"
"DQN_ma-lander_7293c_00004","finished","-","","2024-07-22T12:51:30.000Z","794","false","-1","false","false","false","-1","false","false","false","false","action_mask","false","4.9606596449509895e-8","true","true","true","-1","-1","truncate_episodes","1","false","false","false","env_steps","false","-1","2024-07-22_13-04-42","60","-1","true","true","20","true","-1","true","false","false","false","ma-lander","1","30","1800","1","[[0,1],[10000,0.05]]","false","10","episodes","true","0","false","120","10000","0.02","1","EpsilonGreedy","true","false","false","torch","0.99","40","global_norm","[256]","e-bgbfbjbn-bkfqf-0","false","false","sampler","false","0","8","8","WARN","true","0.0005","1000","2","60","100","1000","0","false","false","false","-1","false","64","32","2","50","50","1","1","32","0","0","relu","84","tanh","[256,256]","true","false","false","256","false","-1","false","20","false","relu","[]","false","false","true","true","2","10.42.142.246","false","true","1","100","1","1","1","1","0","0","0","0","1000","60","NoFilter","false","true","[""obs"",""new_obs""]","67108864","1529046","PACK","[null,null,null,null]","-1","100","ray.rllib.algorithms.algorithm_config.AlgorithmConfig.DEFAULT_POLICY_MAPPING_FN","false","false","deepmind","false","0","false","false","50000","-1","0.6","0.4","0.000001","1","ray.rllib.utils.replay_buffers.multi_agent_prioritized_replay_buffer.MultiAgentPrioritizedReplayBuffer","false","false","auto","ray.rllib.evaluation.collectors.simple_list_collector.SimpleListCollector","60","0","0.35575637349861544","false","false","10","-1","500","0.11571431832375167","huber","true","1","true","2","2","false","false","inductor","FORWARD_TRAIN","false","onnxrt","32","7293c_00004","/tmp/ray/session_2024-07-22_03-21-10_031522_1068183/artifacts/2024-07-22_03-21-12/DQN_2024-07-22_03-21-12/driver_artifacts/DQN_ma-lander_7293c_00004_4_adam_epsilon=0.0000,n_step=2,sigma0=0.3558,tau=0.1157_2024-07-22_03-21-13","true","true","10","-10","true","-1","860208","539880","860208","143744","540000","143744","899","0.01249408721923828","0.00965285301208496","0.31969523429870605","1103.9","281.86574903498473","140.69584460941994","-48.98095667973912","281.86574903498473","140.69584460941994","-48.98095667973912","4","110390","4","0","221.91026249812117","70.34792230470956","-75.64555463372731","0.21908274433623895","0","0.29023827263013025","2.208966016624246","1.4107641922834386","539880","4491","0","0.0005","1.4514801502227783","35.05356979370117","11.164583206176758","-3.606696844100952","-0.4661077558994293","32","4492","860208","143744","540000","143744","899","500","860208","860208","143744","540000","540000","1080","570.5656989355256","143744","288","152.15085304947348","60","0","0","288","12.5","7.2","771.8739290237427","1.9092283248901367","771.8739290237427","4356.431","7.345","215368.626","0.149","0.03","78.747","88.277","1559.297","203.924","1721653482","540000","500"
"DQN_ma-lander_7293c_00003","finished","-","","2024-07-22T12:38:13.000Z","783","false","-1","false","false","false","-1","false","false","false","false","action_mask","false","5.20267551754473e-8","true","true","true","-1","-1","truncate_episodes","1","false","false","false","env_steps","false","-1","2024-07-22_12-51-14","60","-1","true","true","20","true","-1","true","false","false","false","ma-lander","1","30","1800","1","[[0,1],[10000,0.05]]","false","10","episodes","true","0","false","120","10000","0.02","1","EpsilonGreedy","true","false","false","torch","0.99","40","global_norm","[256]","e-bgbfbjbn-bkfqf-0","false","false","sampler","false","0","8","8","WARN","true","0.0005","1000","2","60","100","1000","0","false","false","false","-1","false","64","32","2","50","50","1","1","32","0","0","relu","84","tanh","[256,256]","true","false","false","256","false","-1","false","20","false","relu","[]","false","false","true","true","2","10.42.142.246","false","true","1","100","1","1","1","1","0","0","0","0","1000","60","NoFilter","false","true","[""obs"",""new_obs""]","67108864","1229768","PACK","[null,null,null,null]","-1","100","ray.rllib.algorithms.algorithm_config.AlgorithmConfig.DEFAULT_POLICY_MAPPING_FN","false","false","deepmind","false","0","false","false","50000","-1","0.6","0.4","0.000001","1","ray.rllib.utils.replay_buffers.multi_agent_prioritized_replay_buffer.MultiAgentPrioritizedReplayBuffer","false","false","auto","ray.rllib.evaluation.collectors.simple_list_collector.SimpleListCollector","60","0","0.2541071214315362","false","false","10","-1","500","0.43118631620537407","huber","true","1","true","2","2","false","false","inductor","FORWARD_TRAIN","false","onnxrt","32","7293c_00003","/tmp/ray/session_2024-07-22_03-21-10_031522_1068183/artifacts/2024-07-22_03-21-12/DQN_2024-07-22_03-21-12/driver_artifacts/DQN_ma-lander_7293c_00003_3_adam_epsilon=0.0000,n_step=2,sigma0=0.2541,tau=0.4312_2024-07-22_03-21-13","true","true","10","-10","true","-1","862261","539880","862261","143744","540000","143744","899","0.011767148971557615","0.009043693542480469","0.28401875495910645","2303.26","314.6351358388252","67.36476910979377","-119.83170863038563","314.6351358388252","67.36476910979377","-119.83170863038563","2","230326","2","0","159.07704388395518","33.68238455489593","-168.9246034201395","0.2444942473336749","0","0.30564662081561417","2.3157347863965287","1.5512765919662224","539880","4491","0","0.0005","0.42503687739372253","29.999990463256836","4.209066867828369","-1.1556473970413208","-0.07503662258386612","32","4492","862261","143744","540000","143744","899","500","862261","862261","143744","540000","540000","1080","766.467906254283","143744","288","204.3914416678088","60","0","0","288","3.75","5.3","760.1856913566589","1.4253723621368408","760.1856913566589","4429.906","7.224","215680.103","0.148","0.02","37.795","86.225","1426.763","156.077","1721652674","540000","500"
"DQN_ma-lander_7293c_00001","finished","-","","2024-07-22T03:28:08.000Z","507","false","-1","false","false","false","-1","false","false","false","false","action_mask","false","4.349298093388167e-9","true","true","true","-1","-1","truncate_episodes","1","false","false","false","env_steps","false","-1","2024-07-22_03-36-33","60","-1","true","true","20","true","-1","true","false","false","false","ma-lander","1","30","1800","1","[[0,1],[10000,0.05]]","false","10","episodes","true","0","false","120","10000","0.02","1","EpsilonGreedy","true","false","false","torch","0.99","40","global_norm","[256]","e-bgbfbjbn-bkfqf-0","false","false","sampler","false","0","8","8","WARN","true","0.0005","1000","2","60","100","1000","0","false","false","false","-1","false","64","32","2","50","50","1","1","32","0","0","relu","84","tanh","[256,256]","true","false","false","256","false","-1","false","20","false","relu","[]","false","false","true","true","4","10.42.142.246","false","true","1","100","1","1","1","1","0","0","0","0","1000","60","NoFilter","false","true","[""obs"",""new_obs""]","67108864","1121632","PACK","[null,null,null,null]","-1","100","ray.rllib.algorithms.algorithm_config.AlgorithmConfig.DEFAULT_POLICY_MAPPING_FN","false","false","deepmind","false","0","false","false","50000","-1","0.6","0.4","0.000001","1","ray.rllib.utils.replay_buffers.multi_agent_prioritized_replay_buffer.MultiAgentPrioritizedReplayBuffer","false","false","auto","ray.rllib.evaluation.collectors.simple_list_collector.SimpleListCollector","60","0","0.49138056936776286","false","false","10","-1","500","0.14642996278719145","huber","true","1","true","2","2","false","false","inductor","FORWARD_TRAIN","false","onnxrt","32","7293c_00001","/tmp/ray/session_2024-07-22_03-21-10_031522_1068183/artifacts/2024-07-22_03-21-12/DQN_2024-07-22_03-21-12/driver_artifacts/DQN_ma-lander_7293c_00001_1_adam_epsilon=0.0000,n_step=4,sigma0=0.4914,tau=0.1464_2024-07-22_03-21-13","true","true","10","-10","true","-1","939360","599520","939360","79872","600000","79872","832","0.009089231491088867","0.013096094131469728","0.2341270446777344","1689.92","149.62557289485957","31.74456539591232","-100.06928249133304","149.62557289485957","31.74456539591232","-100.06928249133304","0","168992","0","0","134.2153782217757","15.872282697956075","-63.27279472811532","0.19644638306612133","0","0.2538834294414734","1.8906850161040831","0.890203120095715","599520","2495","0","0.0005","0.5064716935157776","24.653717041015625","2.45058536529541","-1.5305438041687012","0.1356530338525772","32","2496","939360","79872","600000","79872","832","500","939360","939360","79872","600000","600000","1200","1247.2066508902133","79872","160","166.2942201186951","60","0","0","160","7.3","5.5","485.2933602333069","0.982085943222046","485.2933602333069","4489.818","7.127","205571.647","0.156","0.025","46.616","95.374","933.08","188.865","1721619393","600000","500"
"DQN_ma-lander_7293c_00000","finished","-","","2024-07-22T03:21:29.000Z","385","false","-1","false","false","false","-1","false","false","false","false","action_mask","false","0.0000052100782732252885","true","true","true","-1","-1","truncate_episodes","1","false","false","false","env_steps","false","-1","2024-07-22_03-27-53","60","-1","true","true","20","true","-1","true","false","false","false","ma-lander","1","30","1800","1","[[0,1],[10000,0.05]]","false","10","episodes","true","0","false","120","10000","0.02","1","EpsilonGreedy","true","false","false","torch","0.99","40","global_norm","[256]","e-bgbfbjbn-bkfqf-0","false","false","sampler","false","0","8","8","WARN","true","0.0005","1000","2","60","100","1000","0","false","false","false","-1","false","64","32","2","50","50","1","1","32","0","0","relu","84","tanh","[256,256]","true","false","false","256","false","-1","false","20","false","relu","[]","false","false","true","true","8","10.42.142.246","false","true","1","100","1","1","1","1","0","0","0","0","1000","60","NoFilter","false","true","[""obs"",""new_obs""]","67108864","1073164","PACK","[null,null,null,null]","-1","100","ray.rllib.algorithms.algorithm_config.AlgorithmConfig.DEFAULT_POLICY_MAPPING_FN","false","false","deepmind","false","0","false","false","50000","-1","0.6","0.4","0.000001","1","ray.rllib.utils.replay_buffers.multi_agent_prioritized_replay_buffer.MultiAgentPrioritizedReplayBuffer","false","false","auto","ray.rllib.evaluation.collectors.simple_list_collector.SimpleListCollector","60","0","0.30572167121536503","false","false","10","-1","500","0.40336871998989","huber","true","1","true","2","2","false","false","inductor","FORWARD_TRAIN","false","onnxrt","32","7293c_00000","/tmp/ray/session_2024-07-22_03-21-10_031522_1068183/artifacts/2024-07-22_03-21-12/DQN_2024-07-22_03-21-12/driver_artifacts/DQN_ma-lander_7293c_00000_0_adam_epsilon=0.0000,n_step=8,sigma0=0.3057,tau=0.4034_2024-07-22_03-21-12","true","true","10","-10","true","-1","1061914","719520","1061914","47936","720000","47936","749","0.007725954055786133","0.006276607513427734","0.2075936794281006","1385.21","187.74038557305153","44.57552801624146","-68.36477829620847","187.74038557305153","44.57552801624146","-68.36477829620847","0","138521","0","0","116.37813591942428","22.287764008120647","-82.71149077029227","0.15849004193065713","0","0.2073787786291864","1.5549054681525518","0.5964407165379013","719520","1497","0","0.0005","0.9695229530334472","13.107626914978027","2.372279167175293","-2.67216157913208","-0.39848706126213074","32","1498","1061914","47936","720000","47936","749","500","1061914","1061914","47936","720000","720000","1440","2230.668343909665","47936","96","148.711222927311","60","0","0","96","5.1","5.7","365.2264082431793","0.6595180034637451","365.2264082431793","4305.051","7.433","200444.636","0.16","0.021","52.296","88.658","635.054","212.874","1721618873","720000","500"