"Name","State","Notes","User","Tags","Created","Runtime","Sweep","_disable_action_flattening","_disable_execution_plan_api","_disable_initialize_loss_from_dummy_batch","_disable_preprocessor_api","_dont_auto_sync_env_runner_states","_enable_rl_module_api","_evaluation_parallel_to_training_wo_thread","_fake_gpus","_run_training_always_in_thread","_tf_policy_handles_more_than_one_loss","action_mask_key","actions_in_input_normalized","adam_epsilon","add_default_connectors_to_env_to_module_pipeline","add_default_connectors_to_learner_pipeline","add_default_connectors_to_module_to_env_pipeline","always_attach_evaluation_results","auto_wrap_old_gym_envs","batch_mode","categorical_distribution_temperature","checkpoint_trainable_policies_only","clip_actions","compress_observations","count_steps_by","create_env_on_driver","custom_async_evaluation_function","date","delay_between_env_runner_restarts_s","disable_env_checking","double_q","dueling","eager_max_retraces","eager_tracing","enable_async_evaluation","enable_connectors","enable_env_runner_and_connector_v2","enable_rl_module_and_learner","enable_tf1_exec_eagerly","env","env_config.num_landers","env_runner_health_probe_timeout_s","env_runner_restore_timeout_s","episode_lookback_horizon","epsilon","evaluation_config.explore","evaluation_duration","evaluation_duration_unit","evaluation_force_reset_envs_before_iteration","evaluation_num_env_runners","evaluation_parallel_to_training","evaluation_sample_timeout_s","exploration_config.epsilon_timesteps","exploration_config.final_epsilon","exploration_config.initial_epsilon","exploration_config.type","explore","export_native_model_files","fake_sampler","framework","gamma","grad_clip","grad_clip_by","hiddens","hostname","ignore_env_runner_failures","in_evaluation","input","keep_per_episode_custom_metrics","local_gpu_idx","local_tf_session_args.inter_op_parallelism_threads","local_tf_session_args.intra_op_parallelism_threads","log_level","log_sys_usage","lr","max_num_env_runner_restarts","max_requests_in_flight_per_sampler_worker","metrics_episode_collection_timeout_s","metrics_num_episodes_for_smoothing","min_sample_timesteps_per_iteration","min_train_timesteps_per_iteration","model._disable_action_flattening","model._disable_preprocessor_api","model._time_major","model._use_default_native_models","model.always_check_shapes","model.attention_dim","model.attention_head_dim","model.attention_init_gru_gate_bias","model.attention_memory_inference","model.attention_memory_training","model.attention_num_heads","model.attention_num_transformer_units","model.attention_position_wise_mlp_dim","model.attention_use_n_prev_actions","model.attention_use_n_prev_rewards","model.conv_activation","model.dim","model.fcnet_activation","model.fcnet_hiddens","model.framestack","model.free_log_std","model.grayscale","model.lstm_cell_size","model.lstm_use_prev_action","model.lstm_use_prev_action_reward","model.lstm_use_prev_reward","model.max_seq_len","model.no_final_linear","model.post_fcnet_activation","model.post_fcnet_hiddens","model.use_attention","model.use_lstm","model.vf_share_layers","model.zero_mean","n_step","node_ip","noisy","normalize_actions","num_atoms","num_consecutive_env_runner_failures_tolerance","num_cpus_for_driver","num_cpus_per_learner_worker","num_cpus_per_worker","num_envs_per_env_runner","num_gpus","num_gpus_per_learner_worker","num_gpus_per_worker","num_learner_workers","num_steps_sampled_before_learning_starts","num_workers","observation_filter","offline_sampling","ope_split_batch_by_episode","output_compress_columns","output_max_file_size","pid","placement_strategy","policies.default_policy","policy_map_cache","policy_map_capacity","policy_mapping_fn","policy_states_are_swappable","postprocess_inputs","preprocessor_pref","recreate_failed_env_runners","remote_env_batch_wait_ms","remote_worker_envs","render_env","replay_buffer_config.capacity","replay_buffer_config.prioritized_replay","replay_buffer_config.prioritized_replay_alpha","replay_buffer_config.prioritized_replay_beta","replay_buffer_config.prioritized_replay_eps","replay_buffer_config.replay_sequence_length","replay_buffer_config.type","replay_buffer_config.worker_side_prioritization","restart_failed_sub_environments","rollout_fragment_length","sample_collector","sample_timeout_s","shuffle_buffer_size","sigma0","simple_optimizer","store_buffer_in_checkpoints","sync_filters_on_rollout_workers_timeout_s","synchronize_filters","target_network_update_freq","tau","td_error_loss_fn","tf_session_args.allow_soft_placement","tf_session_args.device_count.CPU","tf_session_args.gpu_options.allow_growth","tf_session_args.inter_op_parallelism_threads","tf_session_args.intra_op_parallelism_threads","tf_session_args.log_device_placement","torch_compile_learner","torch_compile_learner_dynamo_backend","torch_compile_learner_what_to_compile","torch_compile_worker","torch_compile_worker_dynamo_backend","train_batch_size","trial_id","trial_log_path","update_worker_filter_stats","use_worker_filter_stats","v_max","v_min","validate_env_runners_after_construction","worker_cls","agent_timesteps_total","counters/last_target_update_ts","counters/num_agent_steps_sampled","counters/num_agent_steps_trained","counters/num_env_steps_sampled","counters/num_env_steps_trained","counters/num_target_updates","counters/total_num_restored_workers","env_runners/connector_metrics/ObsPreprocessorConnector_ms","env_runners/connector_metrics/StateBufferConnector_ms","env_runners/connector_metrics/ViewRequirementAgentConnector_ms","env_runners/episode_len_mean","env_runners/episode_return_max","env_runners/episode_return_mean","env_runners/episode_return_min","env_runners/episode_reward_max","env_runners/episode_reward_mean","env_runners/episode_reward_min","env_runners/episodes_this_iter","env_runners/episodes_timesteps_total","env_runners/num_episodes","env_runners/num_faulty_episodes","env_runners/policy_reward_max/default_policy","env_runners/policy_reward_mean/default_policy","env_runners/policy_reward_min/default_policy","env_runners/sampler_perf/mean_action_processing_ms","env_runners/sampler_perf/mean_env_render_ms","env_runners/sampler_perf/mean_env_wait_ms","env_runners/sampler_perf/mean_inference_ms","env_runners/sampler_perf/mean_raw_obs_processing_ms","info/last_target_update_ts","info/learner/default_policy/diff_num_grad_updates_vs_sampler_policy","info/learner/default_policy/learner_stats/allreduce_latency","info/learner/default_policy/learner_stats/cur_lr","info/learner/default_policy/learner_stats/grad_gnorm","info/learner/default_policy/learner_stats/max_q","info/learner/default_policy/learner_stats/mean_q","info/learner/default_policy/learner_stats/min_q","info/learner/default_policy/mean_td_error","info/learner/default_policy/num_agent_steps_trained","info/learner/default_policy/num_grad_updates_lifetime","info/num_agent_steps_sampled","info/num_agent_steps_trained","info/num_env_steps_sampled","info/num_env_steps_trained","info/num_target_updates","info/total_num_restored_workers","iterations_since_restore","num_agent_steps_sampled","num_agent_steps_sampled_lifetime","num_agent_steps_trained","num_env_steps_sampled","num_env_steps_sampled_lifetime","num_env_steps_sampled_this_iter","num_env_steps_sampled_throughput_per_sec","num_env_steps_trained","num_env_steps_trained_this_iter","num_env_steps_trained_throughput_per_sec","num_healthy_workers","num_in_flight_async_sample_reqs","num_remote_worker_restarts","num_steps_trained_this_iter","perf/cpu_util_percent","perf/ram_util_percent","time_since_restore","time_this_iter_s","time_total_s","timers/learn_throughput","timers/learn_time_ms","timers/load_throughput","timers/load_time_ms","timers/restore_workers_time_ms","timers/sample_time_ms","timers/synch_weights_time_ms","timers/training_iteration_time_ms","timers/training_step_time_ms","timestamp","timesteps_total","training_iteration"
"DQN_sa-lander_fad04_00009","finished","-","","","2024-07-24T01:15:04.000Z","1827","","false","-1","false","false","false","-1","false","false","false","false","action_mask","false","1.221062929942721e-10","true","true","true","-1","-1","truncate_episodes","1","false","false","false","env_steps","false","-1","2024-07-24_01-45-29","60","-1","true","true","20","true","-1","true","false","false","false","sa-lander","2","30","1800","1","[[0,1],[10000,0.05]]","false","10","episodes","true","0","false","120","10000","0.02","1","EpsilonGreedy","true","false","false","torch","0.99","40","global_norm","[256]","e-bgbfbjbn-z5drr-0","false","false","sampler","false","0","8","8","WARN","true","0.0005","1000","2","60","100","1000","0","false","false","false","-1","false","64","32","2","50","50","1","1","32","0","0","relu","84","tanh","[256,256]","true","false","false","256","false","-1","false","20","false","relu","[]","false","false","true","true","2","10.42.142.236","false","true","1","100","1","1","1","1","0","0","0","0","1000","10","NoFilter","false","true","[""obs"",""new_obs""]","67108864","1669271","PACK","[null,null,null,null]","-1","100","ray.rllib.algorithms.algorithm_config.AlgorithmConfig.DEFAULT_POLICY_MAPPING_FN","false","false","deepmind","false","0","false","false","50000","-1","0.6","0.4","0.000001","1","ray.rllib.utils.replay_buffers.multi_agent_prioritized_replay_buffer.MultiAgentPrioritizedReplayBuffer","false","false","auto","ray.rllib.evaluation.collectors.simple_list_collector.SimpleListCollector","60","0","0.4569777628640722","false","false","10","-1","500","0.9585600985637648","huber","true","1","true","2","2","false","false","inductor","FORWARD_TRAIN","false","onnxrt","32","fad04_00009","/tmp/ray/session_2024-07-24_00-52-16_873017_1572547/artifacts/2024-07-24_00-52-19/DQN_2024-07-24_00-52-19/driver_artifacts/DQN_sa-lander_fad04_00009_9_adam_epsilon=0.0000,n_step=2,sigma0=0.4570,tau=0.9586_2024-07-24_00-52-19","true","true","10","-10","true","-1","500000","499520","500000","798400","500000","798400","998","","0.01165008544921875","0.008003711700439453","0.2268462181091309","1149.69","362.88517611410657","171.9007338423205","-36.647287020140666","362.88517611410657","171.9007338423205","-36.647287020140666","0","114969","0","0","362.88517611410657","171.9007338423205","-36.647287020140666","0.14367312118220643","0","0.3653638166851229","1.7609892312779756","0.8473211664866289","499520","24949","0","0.0005","1.2821587324142456","109.58551025390624","36.81275939941406","-0.6293680667877197","-0.5957565903663635","32","24950","500000","798400","500000","798400","998","","500","500000","500000","798400","500000","500000","1000","284.3899024357037","798400","1600","455.02384389712586","10","0","0","1600","3.64","4.6","1571.3819448947906","3.52356219291687","1571.3819448947906","4600.121","6.956","175448.01","0.182","0.023","16.677","23.641","3384.687","63.815","1721785529","500000","500"
"DQN_sa-lander_fad04_00008","finished","-","","","2024-07-24T01:14:32.000Z","3021","","false","-1","false","false","false","-1","false","false","false","false","action_mask","false","0.00001773950887003505","true","true","true","-1","-1","truncate_episodes","1","false","false","false","env_steps","false","-1","2024-07-24_02-04-51","60","-1","true","true","20","true","-1","true","false","false","false","sa-lander","2","30","1800","1","[[0,1],[10000,0.05]]","false","10","episodes","true","0","false","120","10000","0.02","1","EpsilonGreedy","true","false","false","torch","0.99","40","global_norm","[256]","e-bgbfbjbn-z5drr-0","false","false","sampler","false","0","8","8","WARN","true","0.0005","1000","2","60","100","1000","0","false","false","false","-1","false","64","32","2","50","50","1","1","32","0","0","relu","84","tanh","[256,256]","true","false","false","256","false","-1","false","20","false","relu","[]","false","false","true","true","1","10.42.142.236","false","true","1","100","1","1","1","1","0","0","0","0","1000","10","NoFilter","false","true","[""obs"",""new_obs""]","67108864","1665755","PACK","[null,null,null,null]","-1","100","ray.rllib.algorithms.algorithm_config.AlgorithmConfig.DEFAULT_POLICY_MAPPING_FN","false","false","deepmind","false","0","false","false","50000","-1","0.6","0.4","0.000001","1","ray.rllib.utils.replay_buffers.multi_agent_prioritized_replay_buffer.MultiAgentPrioritizedReplayBuffer","false","false","auto","ray.rllib.evaluation.collectors.simple_list_collector.SimpleListCollector","60","0","0.6669569244602485","false","false","10","-1","500","0.988967228983834","huber","true","1","true","2","2","false","false","inductor","FORWARD_TRAIN","false","onnxrt","32","fad04_00008","/tmp/ray/session_2024-07-24_00-52-16_873017_1572547/artifacts/2024-07-24_00-52-19/DQN_2024-07-24_00-52-19/driver_artifacts/DQN_sa-lander_fad04_00008_8_adam_epsilon=0.0000,n_step=1,sigma0=0.6670,tau=0.9890_2024-07-24_00-52-19","true","true","10","-10","true","-1","500000","499510","500000","1596800","500000","1596800","998","","0.013933897018432615","0.009219884872436523","0.26878833770751953","596.15","439.02508467005725","196.0959866100407","-247.29477451774812","439.02508467005725","196.0959866100407","-247.29477451774812","1","59615","1","0","439.02508467005725","196.0959866100407","-247.29477451774812","0.16133089185056484","0","0.4144530266159873","2.018049648690069","1.3069454700961662","499510","49899","0","0.0005","0.5442346334457397","163.0439910888672","65.40921020507812","25.926225662231445","-1.0909831523895264","32","49900","500000","1596800","500000","1596800","998","","500","500000","500000","1596800","500000","500000","1000","183.9067638364134","1596800","3200","588.5016442765229","10","0","0","3200","4.171428571428572","4.3","2765.532141685486","5.4455952644348145","2765.532141685486","4408.893","7.258","181228.366","0.177","0.017","13.292","18.006","5408.556","53.224","1721786691","500000","500"
"DQN_sa-lander_fad04_00007","finished","-","","","2024-07-24T01:06:34.000Z","497","","false","-1","false","false","false","-1","false","false","false","false","action_mask","false","1.929718083174297e-9","true","true","true","-1","-1","truncate_episodes","1","false","false","false","env_steps","false","-1","2024-07-24_01-14-49","60","-1","true","true","20","true","-1","true","false","false","false","sa-lander","2","30","1800","1","[[0,1],[10000,0.05]]","false","10","episodes","true","0","false","120","10000","0.02","1","EpsilonGreedy","true","false","false","torch","0.99","40","global_norm","[256]","e-bgbfbjbn-z5drr-0","false","false","sampler","false","0","8","8","WARN","true","0.0005","1000","2","60","100","1000","0","false","false","false","-1","false","64","32","2","50","50","1","1","32","0","0","relu","84","tanh","[256,256]","true","false","false","256","false","-1","false","20","false","relu","[]","false","false","true","true","16","10.42.142.236","false","true","1","100","1","1","1","1","0","0","0","0","1000","10","NoFilter","false","true","[""obs"",""new_obs""]","67108864","1642152","PACK","[null,null,null,null]","-1","100","ray.rllib.algorithms.algorithm_config.AlgorithmConfig.DEFAULT_POLICY_MAPPING_FN","false","false","deepmind","false","0","false","false","50000","-1","0.6","0.4","0.000001","1","ray.rllib.utils.replay_buffers.multi_agent_prioritized_replay_buffer.MultiAgentPrioritizedReplayBuffer","false","false","auto","ray.rllib.evaluation.collectors.simple_list_collector.SimpleListCollector","60","0","0.1522127932195385","false","false","10","-1","500","0.9121581995724928","huber","true","1","true","2","2","false","false","inductor","FORWARD_TRAIN","false","onnxrt","32","fad04_00007","/tmp/ray/session_2024-07-24_00-52-16_873017_1572547/artifacts/2024-07-24_00-52-19/DQN_2024-07-24_00-52-19/driver_artifacts/DQN_sa-lander_fad04_00007_7_adam_epsilon=0.0000,n_step=16,sigma0=0.1522,tau=0.9122_2024-07-24_00-52-19","true","true","10","-10","true","-1","560000","559840","560000","111808","560000","111808","874","","0.004635810852050781","0.003674745559692383","0.10182046890258788","540.62","395.9358617346181","218.92371850208508","-45.11647594789402","395.9358617346181","218.92371850208508","-45.11647594789402","3","54062","3","0","395.9358617346181","218.92371850208508","-45.11647594789402","0.08791611112939611","0","0.2064820364252283","1.0261501633665326","0.3023873404635372","559840","3493","0","0.0005","1.3707921504974363","50.55235290527344","18.85484504699707","-4.023522853851318","1.0628173351287842","32","3494","560000","111808","560000","111808","874","","500","560000","560000","111808","560000","560000","1120","1789.9106420270527","111808","224","357.98212840541055","10","0","0","224","8.8","5.7","325.0866630077362","0.6328504085540771","325.0866630077362","4922.766","6.5","216445.296","0.148","0.011","37.259","14.967","641.594","87.119","1721783689","560000","500"
"DQN_sa-lander_fad04_00006","finished","-","","","2024-07-24T01:06:30.000Z","1178","","false","-1","false","false","false","-1","false","false","false","false","action_mask","false","5.539823700981281e-9","true","true","true","-1","-1","truncate_episodes","1","false","false","false","env_steps","false","-1","2024-07-24_01-26-06","60","-1","true","true","20","true","-1","true","false","false","false","sa-lander","2","30","1800","1","[[0,1],[10000,0.05]]","false","10","episodes","true","0","false","120","10000","0.02","1","EpsilonGreedy","true","false","false","torch","0.99","40","global_norm","[256]","e-bgbfbjbn-z5drr-0","false","false","sampler","false","0","8","8","WARN","true","0.0005","1000","2","60","100","1000","0","false","false","false","-1","false","64","32","2","50","50","1","1","32","0","0","relu","84","tanh","[256,256]","true","false","false","256","false","-1","false","20","false","relu","[]","false","false","true","true","4","10.42.142.236","false","true","1","100","1","1","1","1","0","0","0","0","1000","10","NoFilter","false","true","[""obs"",""new_obs""]","67108864","1640529","PACK","[null,null,null,null]","-1","100","ray.rllib.algorithms.algorithm_config.AlgorithmConfig.DEFAULT_POLICY_MAPPING_FN","false","false","deepmind","false","0","false","false","50000","-1","0.6","0.4","0.000001","1","ray.rllib.utils.replay_buffers.multi_agent_prioritized_replay_buffer.MultiAgentPrioritizedReplayBuffer","false","false","auto","ray.rllib.evaluation.collectors.simple_list_collector.SimpleListCollector","60","0","0.4903990814701116","false","false","10","-1","500","0.5738689641052871","huber","true","1","true","2","2","false","false","inductor","FORWARD_TRAIN","false","onnxrt","32","fad04_00006","/tmp/ray/session_2024-07-24_00-52-16_873017_1572547/artifacts/2024-07-24_00-52-19/DQN_2024-07-24_00-52-19/driver_artifacts/DQN_sa-lander_fad04_00006_6_adam_epsilon=0.0000,n_step=4,sigma0=0.4904,tau=0.5739_2024-07-24_00-52-19","true","true","10","-10","true","-1","500000","499720","500000","399200","500000","399200","960","","0.0066547393798828125","0.00518798828125","0.14976167678833008","1076.52","406.00291066454514","196.2922453003905","-93.31206458508666","406.00291066454514","196.2922453003905","-93.31206458508666","1","107652","1","0","406.00291066454514","196.2922453003905","-93.31206458508666","0.1201919609909308","0","0.2950985876070198","1.4475015957776296","0.5233566677625611","499720","12474","0","0.0005","1.2515019178390503","80.17124938964844","17.829654693603516","-5.654074668884277","-0.1816578209400177","32","12475","500000","399200","500000","399200","960","","500","500000","500000","399200","500000","500000","1000","641.8098890012561","399200","800","513.4479112010049","10","0","0","800","8.7","5.7","789.175615310669","1.566244125366211","789.175615310669","4134.318","7.74","197757.077","0.162","0.014","20.833","19.858","1537.116","66.91","1721784366","500000","500"
"DQN_sa-lander_fad04_00005","finished","-","","","2024-07-24T01:06:25.000Z","1867","","false","-1","false","false","false","-1","false","false","false","false","action_mask","false","1.2022103264722682e-8","true","true","true","-1","-1","truncate_episodes","1","false","false","false","env_steps","false","-1","2024-07-24_01-37-31","60","-1","true","true","20","true","-1","true","false","false","false","sa-lander","2","30","1800","1","[[0,1],[10000,0.05]]","false","10","episodes","true","0","false","120","10000","0.02","1","EpsilonGreedy","true","false","false","torch","0.99","40","global_norm","[256]","e-bgbfbjbn-z5drr-0","false","false","sampler","false","0","8","8","WARN","true","0.0005","1000","2","60","100","1000","0","false","false","false","-1","false","64","32","2","50","50","1","1","32","0","0","relu","84","tanh","[256,256]","true","false","false","256","false","-1","false","20","false","relu","[]","false","false","true","true","2","10.42.142.236","false","true","1","100","1","1","1","1","0","0","0","0","1000","10","NoFilter","false","true","[""obs"",""new_obs""]","67108864","1640133","PACK","[null,null,null,null]","-1","100","ray.rllib.algorithms.algorithm_config.AlgorithmConfig.DEFAULT_POLICY_MAPPING_FN","false","false","deepmind","false","0","false","false","50000","-1","0.6","0.4","0.000001","1","ray.rllib.utils.replay_buffers.multi_agent_prioritized_replay_buffer.MultiAgentPrioritizedReplayBuffer","false","false","auto","ray.rllib.evaluation.collectors.simple_list_collector.SimpleListCollector","60","0","0.1540783351823879","false","false","10","-1","500","0.5548449247550854","huber","true","1","true","2","2","false","false","inductor","FORWARD_TRAIN","false","onnxrt","32","fad04_00005","/tmp/ray/session_2024-07-24_00-52-16_873017_1572547/artifacts/2024-07-24_00-52-19/DQN_2024-07-24_00-52-19/driver_artifacts/DQN_sa-lander_fad04_00005_5_adam_epsilon=0.0000,n_step=2,sigma0=0.1541,tau=0.5548_2024-07-24_00-52-19","true","true","10","-10","true","-1","500000","499520","500000","798400","500000","798400","998","","0.010659217834472656","0.007648229598999024","0.22002196311950684","669.19","393.296304589438","226.43215703868793","-7.730440013090339","393.296304589438","226.43215703868793","-7.730440013090339","0","66919","0","0","393.296304589438","226.43215703868793","-7.730440013090339","0.13961582764564667","0","0.3601523707755843","1.7285064180187737","0.8317538719509338","499520","24949","0","0.0005","0.8868404030799866","113.7275390625","41.15037155151367","7.330944538116455","-0.8289724588394165","32","24950","500000","798400","500000","798400","998","","500","500000","500000","798400","500000","500000","1000","332.09278668203336","798400","1600","531.3484586912534","10","0","0","1600","7.94","5","1487.5964155197144","3.017852306365967","1487.5964155197144","4402.848","7.268","204850.012","0.156","0.012","17.124","21.037","3141.39","61.11","1721785051","500000","500"
"DQN_sa-lander_fad04_00000","finished","-","","","2024-07-24T00:52:34.000Z","1306","","false","-1","false","false","false","-1","false","false","false","false","action_mask","false","5.191121788432193e-8","true","true","true","-1","-1","truncate_episodes","1","false","false","false","env_steps","false","-1","2024-07-24_01-14-19","60","-1","true","true","20","true","-1","true","false","false","false","sa-lander","2","30","1800","1","[[0,1],[10000,0.05]]","false","10","episodes","true","0","false","120","10000","0.02","1","EpsilonGreedy","true","false","false","torch","0.99","40","global_norm","[256]","e-bgbfbjbn-z5drr-0","false","false","sampler","false","0","8","8","WARN","true","0.0005","1000","2","60","100","1000","0","false","false","false","-1","false","64","32","2","50","50","1","1","32","0","0","relu","84","tanh","[256,256]","true","false","false","256","false","-1","false","20","false","relu","[]","false","false","true","true","4","10.42.142.236","false","true","1","100","1","1","1","1","0","0","0","0","1000","10","NoFilter","false","true","[""obs"",""new_obs""]","67108864","1577065","PACK","[null,null,null,null]","-1","100","ray.rllib.algorithms.algorithm_config.AlgorithmConfig.DEFAULT_POLICY_MAPPING_FN","false","false","deepmind","false","0","false","false","50000","-1","0.6","0.4","0.000001","1","ray.rllib.utils.replay_buffers.multi_agent_prioritized_replay_buffer.MultiAgentPrioritizedReplayBuffer","false","false","auto","ray.rllib.evaluation.collectors.simple_list_collector.SimpleListCollector","60","0","0.5782921834050856","false","false","10","-1","500","0.7378434007540143","huber","true","1","true","2","2","false","false","inductor","FORWARD_TRAIN","false","onnxrt","32","fad04_00000","/tmp/ray/session_2024-07-24_00-52-16_873017_1572547/artifacts/2024-07-24_00-52-19/DQN_2024-07-24_00-52-19/driver_artifacts/DQN_sa-lander_fad04_00000_0_adam_epsilon=0.0000,n_step=4,sigma0=0.5783,tau=0.7378_2024-07-24_00-52-19","true","true","10","-10","true","-1","500000","499720","500000","399200","500000","399200","960","","0.007405757904052734","0.005433320999145508","0.15970253944396973","1063.93","333.80354874507594","121.4077535531409","-123.0711842065861","333.80354874507594","121.4077535531409","-123.0711842065861","2","106393","2","0","333.80354874507594","121.4077535531409","-123.0711842065861","0.12434726854796908","0","0.311414080470411","1.5001434932075537","0.5494838215085005","499720","12474","0","0.0005","0.8256723880767822","34.45468521118164","11.737878799438477","-8.847762107849121","-0.5364564657211304","32","12475","500000","399200","500000","399200","960","","500","500000","500000","399200","500000","500000","1000","515.1092679543219","399200","800","412.0874143634575","10","0","0","800","8.766666666666667","5.7","816.5898456573486","1.9519524574279783","816.5898456573486","4826.934","6.629","211067.35","0.152","0.011","19.838","15.201","1536.95","60.012","1721783659","500000","500"
"DQN_sa-lander_fad04_00001","finished","-","","","2024-07-24T00:52:34.000Z","819","","false","-1","false","false","false","-1","false","false","false","false","action_mask","false","0.000007615119189517027","true","true","true","-1","-1","truncate_episodes","1","false","false","false","env_steps","false","-1","2024-07-24_01-06-11","60","-1","true","true","20","true","-1","true","false","false","false","sa-lander","2","30","1800","1","[[0,1],[10000,0.05]]","false","10","episodes","true","0","false","120","10000","0.02","1","EpsilonGreedy","true","false","false","torch","0.99","40","global_norm","[256]","e-bgbfbjbn-z5drr-0","false","false","sampler","false","0","8","8","WARN","true","0.0005","1000","2","60","100","1000","0","false","false","false","-1","false","64","32","2","50","50","1","1","32","0","0","relu","84","tanh","[256,256]","true","false","false","256","false","-1","false","20","false","relu","[]","false","false","true","true","8","10.42.142.236","false","true","1","100","1","1","1","1","0","0","0","0","1000","10","NoFilter","false","true","[""obs"",""new_obs""]","67108864","1577066","PACK","[null,null,null,null]","-1","100","ray.rllib.algorithms.algorithm_config.AlgorithmConfig.DEFAULT_POLICY_MAPPING_FN","false","false","deepmind","false","0","false","false","50000","-1","0.6","0.4","0.000001","1","ray.rllib.utils.replay_buffers.multi_agent_prioritized_replay_buffer.MultiAgentPrioritizedReplayBuffer","false","false","auto","ray.rllib.evaluation.collectors.simple_list_collector.SimpleListCollector","60","0","0.20572505914264855","false","false","10","-1","500","0.7910219378700386","huber","true","1","true","2","2","false","false","inductor","FORWARD_TRAIN","false","onnxrt","32","fad04_00001","/tmp/ray/session_2024-07-24_00-52-16_873017_1572547/artifacts/2024-07-24_00-52-19/DQN_2024-07-24_00-52-19/driver_artifacts/DQN_sa-lander_fad04_00001_1_adam_epsilon=0.0000,n_step=8,sigma0=0.2057,tau=0.7910_2024-07-24_00-52-19","true","true","10","-10","true","-1","520000","519600","520000","207616","520000","207616","927","","0.007059574127197266","0.004626035690307617","0.13255071640014648","798.61","282.7705094217509","109.0989318072174","-268.6962921036343","282.7705094217509","109.0989318072174","-268.6962921036343","3","79861","3","0","282.7705094217509","109.0989318072174","-268.6962921036343","0.10208839621340346","0","0.2388067719481212","1.2206023223666558","0.36403777499191103","519600","6487","0","0.0005","1.7407476902008057","40.84836196899414","12.42890167236328","-16.13510513305664","-1.204801082611084","32","6488","520000","207616","520000","207616","927","","500","520000","520000","207616","520000","520000","1040","988.7578159124668","207616","416","395.5031263649867","10","0","0","416","26.1","7.6","484.8222904205322","1.0604114532470703","484.8222904205322","3898.935","8.207","192123.859","0.167","0.015","26.227","22.597","1045.066","80.843","1721783171","520000","500"
"DQN_sa-lander_fad04_00002","finished","-","","","2024-07-24T00:52:34.000Z","2159","","false","-1","false","false","false","-1","false","false","false","false","action_mask","false","4.4623797486813705e-8","true","true","true","-1","-1","truncate_episodes","1","false","false","false","env_steps","false","-1","2024-07-24_01-28-32","60","-1","true","true","20","true","-1","true","false","false","false","sa-lander","2","30","1800","1","[[0,1],[10000,0.05]]","false","10","episodes","true","0","false","120","10000","0.02","1","EpsilonGreedy","true","false","false","torch","0.99","40","global_norm","[256]","e-bgbfbjbn-z5drr-0","false","false","sampler","false","0","8","8","WARN","true","0.0005","1000","2","60","100","1000","0","false","false","false","-1","false","64","32","2","50","50","1","1","32","0","0","relu","84","tanh","[256,256]","true","false","false","256","false","-1","false","20","false","relu","[]","false","false","true","true","2","10.42.142.236","false","true","1","100","1","1","1","1","0","0","0","0","1000","10","NoFilter","false","true","[""obs"",""new_obs""]","67108864","1577067","PACK","[null,null,null,null]","-1","100","ray.rllib.algorithms.algorithm_config.AlgorithmConfig.DEFAULT_POLICY_MAPPING_FN","false","false","deepmind","false","0","false","false","50000","-1","0.6","0.4","0.000001","1","ray.rllib.utils.replay_buffers.multi_agent_prioritized_replay_buffer.MultiAgentPrioritizedReplayBuffer","false","false","auto","ray.rllib.evaluation.collectors.simple_list_collector.SimpleListCollector","60","0","0.5132974476898493","false","false","10","-1","500","0.13649804785678044","huber","true","1","true","2","2","false","false","inductor","FORWARD_TRAIN","false","onnxrt","32","fad04_00002","/tmp/ray/session_2024-07-24_00-52-16_873017_1572547/artifacts/2024-07-24_00-52-19/DQN_2024-07-24_00-52-19/driver_artifacts/DQN_sa-lander_fad04_00002_2_adam_epsilon=0.0000,n_step=2,sigma0=0.5133,tau=0.1365_2024-07-24_00-52-19","true","true","10","-10","true","-1","500000","499520","500000","798400","500000","798400","998","","0.0087432861328125","0.006254911422729492","0.18999695777893064","894.59","401.0143019460401","219.78043005156772","-44.42446381642823","401.0143019460401","219.78043005156772","-44.42446381642823","2","89459","2","0","401.0143019460401","219.78043005156772","-44.42446381642823","0.13760546783303448","0","0.3582339531384259","1.7072333381140925","0.8207909352422462","499520","24949","0","0.0005","0.9480699300765992","90.96051788330078","19.998600006103516","-0.8314504027366638","0.384998619556427","32","24950","500000","798400","500000","798400","998","","500","500000","500000","798400","500000","500000","1000","331.06869501137584","798400","1600","529.7099120182013","10","0","0","1600","9.475","5.4","1468.7234790325165","3.0286507606506348","1468.7234790325165","4215.924","7.59","187585.923","0.171","0.016","16.321","19.889","3133.863","60.715","1721784512","500000","500"
"DQN_sa-lander_fad04_00003","finished","-","","","2024-07-24T00:52:34.000Z","826","","false","-1","false","false","false","-1","false","false","false","false","action_mask","false","1.623671059530054e-10","true","true","true","-1","-1","truncate_episodes","1","false","false","false","env_steps","false","-1","2024-07-24_01-06-18","60","-1","true","true","20","true","-1","true","false","false","false","sa-lander","2","30","1800","1","[[0,1],[10000,0.05]]","false","10","episodes","true","0","false","120","10000","0.02","1","EpsilonGreedy","true","false","false","torch","0.99","40","global_norm","[256]","e-bgbfbjbn-z5drr-0","false","false","sampler","false","0","8","8","WARN","true","0.0005","1000","2","60","100","1000","0","false","false","false","-1","false","64","32","2","50","50","1","1","32","0","0","relu","84","tanh","[256,256]","true","false","false","256","false","-1","false","20","false","relu","[]","false","false","true","true","8","10.42.142.236","false","true","1","100","1","1","1","1","0","0","0","0","1000","10","NoFilter","false","true","[""obs"",""new_obs""]","67108864","1577068","PACK","[null,null,null,null]","-1","100","ray.rllib.algorithms.algorithm_config.AlgorithmConfig.DEFAULT_POLICY_MAPPING_FN","false","false","deepmind","false","0","false","false","50000","-1","0.6","0.4","0.000001","1","ray.rllib.utils.replay_buffers.multi_agent_prioritized_replay_buffer.MultiAgentPrioritizedReplayBuffer","false","false","auto","ray.rllib.evaluation.collectors.simple_list_collector.SimpleListCollector","60","0","0.4806769005280026","false","false","10","-1","500","0.8962617293911693","huber","true","1","true","2","2","false","false","inductor","FORWARD_TRAIN","false","onnxrt","32","fad04_00003","/tmp/ray/session_2024-07-24_00-52-16_873017_1572547/artifacts/2024-07-24_00-52-19/DQN_2024-07-24_00-52-19/driver_artifacts/DQN_sa-lander_fad04_00003_3_adam_epsilon=0.0000,n_step=8,sigma0=0.4807,tau=0.8963_2024-07-24_00-52-19","true","true","10","-10","true","-1","520000","519600","520000","207616","520000","207616","927","","0.0058536529541015625","0.004654407501220703","0.13186240196228027","1099.52","377.9588136291265","177.87723784382618","-114.563541441329","377.9588136291265","177.87723784382618","-114.563541441329","2","109952","2","0","377.9588136291265","177.87723784382618","-114.563541441329","0.10298536299058636","0","0.24693003195826305","1.215811138650278","0.36871489681058534","519600","6487","0","0.0005","2.820270299911499","51.33974838256836","18.87525749206543","1.4002234935760498","-1.2943445444107056","32","6488","520000","207616","520000","207616","927","","500","520000","520000","207616","520000","520000","1040","840.2871875007826","207616","416","336.114875000313","10","0","0","416","17.55","7.1","488.2940444946289","1.2433602809906006","488.2940444946289","4573.474","6.997","182634.002","0.175","0.015","47.567","21.561","1156.349","99.287","1721783178","520000","500"
"DQN_sa-lander_fad04_00004","finished","-","","","2024-07-24T00:52:34.000Z","822","","false","-1","false","false","false","-1","false","false","false","false","action_mask","false","0.00009669390492483036","true","true","true","-1","-1","truncate_episodes","1","false","false","false","env_steps","false","-1","2024-07-24_01-06-14","60","-1","true","true","20","true","-1","true","false","false","false","sa-lander","2","30","1800","1","[[0,1],[10000,0.05]]","false","10","episodes","true","0","false","120","10000","0.02","1","EpsilonGreedy","true","false","false","torch","0.99","40","global_norm","[256]","e-bgbfbjbn-z5drr-0","false","false","sampler","false","0","8","8","WARN","true","0.0005","1000","2","60","100","1000","0","false","false","false","-1","false","64","32","2","50","50","1","1","32","0","0","relu","84","tanh","[256,256]","true","false","false","256","false","-1","false","20","false","relu","[]","false","false","true","true","8","10.42.142.236","false","true","1","100","1","1","1","1","0","0","0","0","1000","10","NoFilter","false","true","[""obs"",""new_obs""]","67108864","1577069","PACK","[null,null,null,null]","-1","100","ray.rllib.algorithms.algorithm_config.AlgorithmConfig.DEFAULT_POLICY_MAPPING_FN","false","false","deepmind","false","0","false","false","50000","-1","0.6","0.4","0.000001","1","ray.rllib.utils.replay_buffers.multi_agent_prioritized_replay_buffer.MultiAgentPrioritizedReplayBuffer","false","false","auto","ray.rllib.evaluation.collectors.simple_list_collector.SimpleListCollector","60","0","0.6862293360311502","false","false","10","-1","500","0.8288396700201643","huber","true","1","true","2","2","false","false","inductor","FORWARD_TRAIN","false","onnxrt","32","fad04_00004","/tmp/ray/session_2024-07-24_00-52-16_873017_1572547/artifacts/2024-07-24_00-52-19/DQN_2024-07-24_00-52-19/driver_artifacts/DQN_sa-lander_fad04_00004_4_adam_epsilon=0.0001,n_step=8,sigma0=0.6862,tau=0.8288_2024-07-24_00-52-19","true","true","10","-10","true","-1","520000","519600","520000","207616","520000","207616","927","","0.00597071647644043","0.004630565643310547","0.13448691368103027","1043.29","371.7517222336567","152.75124478304903","-16.778778814349515","371.7517222336567","152.75124478304903","-16.778778814349515","1","104329","1","0","371.7517222336567","152.75124478304903","-16.778778814349515","0.10357559028508052","0","0.24835237482947037","1.2216602901903455","0.3698581630568394","519600","6487","0","0.0005","0.7476176023483276","47.68272399902344","17.58300018310547","-6.948737621307373","-0.8035824298858643","32","6488","520000","207616","520000","207616","927","","500","520000","520000","207616","520000","520000","1040","962.514055173908","207616","416","385.0056220695633","10","0","0","416","14.5","7.3","485.4994783401489","1.0879840850830078","485.4994783401489","4270.737","7.493","184542.456","0.173","0.012","29.275","23.057","1059.34","83.721","1721783174","520000","500"
"DQN_sa-lander_ca301_00009","finished","-","","","2024-07-24T00:03:26.000Z","853","","false","-1","false","false","false","-1","false","false","false","false","action_mask","false","3.515167281572043e-7","true","true","true","-1","-1","truncate_episodes","1","false","false","false","env_steps","false","-1","2024-07-24_00-17-37","60","-1","true","true","20","true","-1","true","false","false","false","sa-lander","2","30","1800","1","[[0,1],[10000,0.05]]","false","10","episodes","true","0","false","120","10000","0.02","1","EpsilonGreedy","true","false","false","torch","0.99","40","global_norm","[256]","e-bgbfbjbn-z5drr-0","false","false","sampler","false","0","8","8","WARN","true","0.0005","1000","2","60","100","1000","0","false","false","false","-1","false","64","32","2","50","50","1","1","32","0","0","relu","84","tanh","[256,256]","true","false","false","256","false","-1","false","20","false","relu","[]","false","false","true","true","4","10.42.142.236","false","true","1","100","1","1","1","1","0","0","0","0","1000","10","NoFilter","false","true","[""obs"",""new_obs""]","67108864","1485903","PACK","[null,null,null,null]","-1","100","ray.rllib.algorithms.algorithm_config.AlgorithmConfig.DEFAULT_POLICY_MAPPING_FN","false","false","deepmind","false","0","false","false","50000","-1","0.6","0.4","0.000001","1","ray.rllib.utils.replay_buffers.multi_agent_prioritized_replay_buffer.MultiAgentPrioritizedReplayBuffer","false","false","auto","ray.rllib.evaluation.collectors.simple_list_collector.SimpleListCollector","60","0","0.778113036340536","false","false","10","-1","500","0.954450684156958","huber","true","1","true","2","2","false","false","inductor","FORWARD_TRAIN","false","onnxrt","32","ca301_00009","/tmp/ray/session_2024-07-23_23-39-20_292838_1395176/artifacts/2024-07-23_23-39-23/DQN_2024-07-23_23-39-23/driver_artifacts/DQN_sa-lander_ca301_00009_9_adam_epsilon=0.0000,n_step=4,sigma0=0.7781,tau=0.9545_2024-07-23_23-39-23","true","true","10","-10","true","-1","500000","499720","500000","399200","500000","399200","960","","0.0067861080169677734","0.005250215530395508","0.1526780128479004","476.48","348.09647602884934","124.1997902390904","-121.9912793821957","348.09647602884934","124.1997902390904","-121.9912793821957","2","47648","2","0","348.09647602884934","124.1997902390904","-121.9912793821957","0.11862044900954297","0","0.2956225676466199","1.424294926593651","0.5228548738032458","499720","12474","0","0.0005","1.0119541883468628","81.3040542602539","36.51936721801758","2.8986387252807617","0.6878818273544312","32","12475","500000","399200","500000","399200","960","","500","500000","500000","399200","500000","500000","1000","577.7088850255323","399200","800","462.16710802042576","10","0","0","800","7.199999999999999","5.400000000000001","812.9270925521851","1.7387912273406982","812.9270925521851","4603.292","6.952","191002.886","0.168","0.019","19.831","21.937","1741.968","68.056","1721780257","500000","500"
"DQN_sa-lander_ca301_00008","finished","-","","","2024-07-23T23:57:35.000Z","1569","","false","-1","false","false","false","-1","false","false","false","false","action_mask","false","1.938166692601327e-10","true","true","true","-1","-1","truncate_episodes","1","false","false","false","env_steps","false","-1","2024-07-24_00-23-43","60","-1","true","true","20","true","-1","true","false","false","false","sa-lander","2","30","1800","1","[[0,1],[10000,0.05]]","false","10","episodes","true","0","false","120","10000","0.02","1","EpsilonGreedy","true","false","false","torch","0.99","40","global_norm","[256]","e-bgbfbjbn-z5drr-0","false","false","sampler","false","0","8","8","WARN","true","0.0005","1000","2","60","100","1000","0","false","false","false","-1","false","64","32","2","50","50","1","1","32","0","0","relu","84","tanh","[256,256]","true","false","false","256","false","-1","false","20","false","relu","[]","false","false","true","true","2","10.42.142.236","false","true","1","100","1","1","1","1","0","0","0","0","1000","10","NoFilter","false","true","[""obs"",""new_obs""]","67108864","1466891","PACK","[null,null,null,null]","-1","100","ray.rllib.algorithms.algorithm_config.AlgorithmConfig.DEFAULT_POLICY_MAPPING_FN","false","false","deepmind","false","0","false","false","50000","-1","0.6","0.4","0.000001","1","ray.rllib.utils.replay_buffers.multi_agent_prioritized_replay_buffer.MultiAgentPrioritizedReplayBuffer","false","false","auto","ray.rllib.evaluation.collectors.simple_list_collector.SimpleListCollector","60","0","0.5647370144582485","false","false","10","-1","500","0.47330770836268854","huber","true","1","true","2","2","false","false","inductor","FORWARD_TRAIN","false","onnxrt","32","ca301_00008","/tmp/ray/session_2024-07-23_23-39-20_292838_1395176/artifacts/2024-07-23_23-39-23/DQN_2024-07-23_23-39-23/driver_artifacts/DQN_sa-lander_ca301_00008_8_adam_epsilon=0.0000,n_step=2,sigma0=0.5647,tau=0.4733_2024-07-23_23-39-23","true","true","10","-10","true","-1","500000","499520","500000","798400","500000","798400","998","","0.011024951934814451","0.007559537887573242","0.21574115753173828","957.93","416.8305377967329","253.5235745415497","-17.089686649112082","416.8305377967329","253.5235745415497","-17.089686649112082","0","95793","0","0","416.8305377967329","253.5235745415497","-17.089686649112082","0.13834822752209472","0","0.35237493503882433","1.68482886327977","0.8211267915740382","499520","24949","0","0.0005","0.9922759532928468","119.90289306640624","35.96121597290039","-2.719944715499878","0.14566047489643097","32","24950","500000","798400","500000","798400","998","","500","500000","500000","798400","500000","500000","1000","292.7152951987982","798400","1600","468.34447231807707","10","0","0","1600","10.14","5","1485.2689492702484","3.425143241882324","1485.2689492702484","4460.024","7.175","195766.814","0.163","0.015","15.749","24.872","3240.991","63.704","1721780623","500000","500"
"DQN_sa-lander_ca301_00007","finished","-","","","2024-07-23T23:51:39.000Z","345","","false","-1","false","false","false","-1","false","false","false","false","action_mask","false","8.42255833614126e-7","true","true","true","-1","-1","truncate_episodes","1","false","false","false","env_steps","false","-1","2024-07-23_23-57-22","60","-1","true","true","20","true","-1","true","false","false","false","sa-lander","2","30","1800","1","[[0,1],[10000,0.05]]","false","10","episodes","true","0","false","120","10000","0.02","1","EpsilonGreedy","true","false","false","torch","0.99","40","global_norm","[256]","e-bgbfbjbn-z5drr-0","false","false","sampler","false","0","8","8","WARN","true","0.0005","1000","2","60","100","1000","0","false","false","false","-1","false","64","32","2","50","50","1","1","32","0","0","relu","84","tanh","[256,256]","true","false","false","256","false","-1","false","20","false","relu","[]","false","false","true","true","16","10.42.142.236","false","true","1","100","1","1","1","1","0","0","0","0","1000","10","NoFilter","false","true","[""obs"",""new_obs""]","67108864","1445040","PACK","[null,null,null,null]","-1","100","ray.rllib.algorithms.algorithm_config.AlgorithmConfig.DEFAULT_POLICY_MAPPING_FN","false","false","deepmind","false","0","false","false","50000","-1","0.6","0.4","0.000001","1","ray.rllib.utils.replay_buffers.multi_agent_prioritized_replay_buffer.MultiAgentPrioritizedReplayBuffer","false","false","auto","ray.rllib.evaluation.collectors.simple_list_collector.SimpleListCollector","60","0","0.5677451803878599","false","false","10","-1","500","0.6610133827226243","huber","true","1","true","2","2","false","false","inductor","FORWARD_TRAIN","false","onnxrt","32","ca301_00007","/tmp/ray/session_2024-07-23_23-39-20_292838_1395176/artifacts/2024-07-23_23-39-23/DQN_2024-07-23_23-39-23/driver_artifacts/DQN_sa-lander_ca301_00007_7_adam_epsilon=0.0000,n_step=16,sigma0=0.5677,tau=0.6610_2024-07-23_23-39-23","true","true","10","-10","true","-1","560000","559840","560000","111808","560000","111808","874","","0.004097700119018555","0.0035600662231445312","0.09637951850891112","462.24","389.9365453560277","225.7910041182137","-26.36292981874596","389.9365453560277","225.7910041182137","-26.36292981874596","2","46224","2","0","389.9365453560277","225.7910041182137","-26.36292981874596","0.08607535151785303","0","0.19890160568567097","1.0078810806125","0.3018730542913046","559840","3493","0","0.0005","2.218672275543213","64.87576293945312","14.718023300170898","-4.875479221343994","-2.200554847717285","32","3494","560000","111808","560000","111808","874","","500","560000","560000","111808","560000","560000","1120","1813.218216711364","111808","224","362.6436433422727","10","0","0","224","12.6","5.7","320.835501909256","0.6225850582122803","320.835501909256","4809.413","6.654","211067.35","0.152","0.013","36.603","15.51","644.294","89.834","1721779042","560000","500"
"DQN_sa-lander_ca301_00006","finished","-","","","2024-07-23T23:51:27.000Z","2908","","false","-1","false","false","false","-1","false","false","false","false","action_mask","false","1.0455573871288195e-9","true","true","true","-1","-1","truncate_episodes","1","false","false","false","env_steps","false","-1","2024-07-24_00-39-54","60","-1","true","true","20","true","-1","true","false","false","false","sa-lander","2","30","1800","1","[[0,1],[10000,0.05]]","false","10","episodes","true","0","false","120","10000","0.02","1","EpsilonGreedy","true","false","false","torch","0.99","40","global_norm","[256]","e-bgbfbjbn-z5drr-0","false","false","sampler","false","0","8","8","WARN","true","0.0005","1000","2","60","100","1000","0","false","false","false","-1","false","64","32","2","50","50","1","1","32","0","0","relu","84","tanh","[256,256]","true","false","false","256","false","-1","false","20","false","relu","[]","false","false","true","true","1","10.42.142.236","false","true","1","100","1","1","1","1","0","0","0","0","1000","10","NoFilter","false","true","[""obs"",""new_obs""]","67108864","1442664","PACK","[null,null,null,null]","-1","100","ray.rllib.algorithms.algorithm_config.AlgorithmConfig.DEFAULT_POLICY_MAPPING_FN","false","false","deepmind","false","0","false","false","50000","-1","0.6","0.4","0.000001","1","ray.rllib.utils.replay_buffers.multi_agent_prioritized_replay_buffer.MultiAgentPrioritizedReplayBuffer","false","false","auto","ray.rllib.evaluation.collectors.simple_list_collector.SimpleListCollector","60","0","0.6028898546603934","false","false","10","-1","500","0.4065179642941361","huber","true","1","true","2","2","false","false","inductor","FORWARD_TRAIN","false","onnxrt","32","ca301_00006","/tmp/ray/session_2024-07-23_23-39-20_292838_1395176/artifacts/2024-07-23_23-39-23/DQN_2024-07-23_23-39-23/driver_artifacts/DQN_sa-lander_ca301_00006_6_adam_epsilon=0.0000,n_step=1,sigma0=0.6029,tau=0.4065_2024-07-23_23-39-23","true","true","10","-10","true","-1","500000","499510","500000","1596800","500000","1596800","998","","0.014705419540405272","0.010255813598632812","0.28743982315063477","574.15","439.84167073100775","286.3415228277496","-212.7945313416452","439.84167073100775","286.3415228277496","-212.7945313416452","2","57415","2","0","439.84167073100775","286.3415228277496","-212.7945313416452","0.15896305032929678","0","0.41479903558077535","1.991711034733696","1.2886437730780684","499510","49899","0","0.0005","1.568732976913452","163.7699432373047","58.22261047363281","5.390911102294922","1.4226934909820557","32","49900","500000","1596800","500000","1596800","998","","500","500000","500000","1596800","500000","500000","1000","185.9517062470368","1596800","3200","595.0454599905178","10","0","0","3200","5.262499999999999","4.3","2821.732808828354","5.385022163391113","2821.732808828354","4391.467","7.287","169231.784","0.189","0.03","14.478","22.747","5465.845","60.54","1721781594","500000","500"
"DQN_sa-lander_ca301_00005","finished","-","","","2024-07-23T23:49:03.000Z","851","","false","-1","false","false","false","-1","false","false","false","false","action_mask","false","3.6740355363690743e-10","true","true","true","-1","-1","truncate_episodes","1","false","false","false","env_steps","false","-1","2024-07-24_00-03-13","60","-1","true","true","20","true","-1","true","false","false","false","sa-lander","2","30","1800","1","[[0,1],[10000,0.05]]","false","10","episodes","true","0","false","120","10000","0.02","1","EpsilonGreedy","true","false","false","torch","0.99","40","global_norm","[256]","e-bgbfbjbn-z5drr-0","false","false","sampler","false","0","8","8","WARN","true","0.0005","1000","2","60","100","1000","0","false","false","false","-1","false","64","32","2","50","50","1","1","32","0","0","relu","84","tanh","[256,256]","true","false","false","256","false","-1","false","20","false","relu","[]","false","false","true","true","4","10.42.142.236","false","true","1","100","1","1","1","1","0","0","0","0","1000","10","NoFilter","false","true","[""obs"",""new_obs""]","67108864","1432740","PACK","[null,null,null,null]","-1","100","ray.rllib.algorithms.algorithm_config.AlgorithmConfig.DEFAULT_POLICY_MAPPING_FN","false","false","deepmind","false","0","false","false","50000","-1","0.6","0.4","0.000001","1","ray.rllib.utils.replay_buffers.multi_agent_prioritized_replay_buffer.MultiAgentPrioritizedReplayBuffer","false","false","auto","ray.rllib.evaluation.collectors.simple_list_collector.SimpleListCollector","60","0","0.6605523296387577","false","false","10","-1","500","0.9190101863867312","huber","true","1","true","2","2","false","false","inductor","FORWARD_TRAIN","false","onnxrt","32","ca301_00005","/tmp/ray/session_2024-07-23_23-39-20_292838_1395176/artifacts/2024-07-23_23-39-23/DQN_2024-07-23_23-39-23/driver_artifacts/DQN_sa-lander_ca301_00005_5_adam_epsilon=0.0000,n_step=4,sigma0=0.6606,tau=0.9190_2024-07-23_23-39-23","true","true","10","-10","true","-1","500000","499720","500000","399200","500000","399200","960","","0.0068836212158203125","0.005426645278930664","0.15638351440429688","1169.01","372.4941212799772","200.23480816350215","-40.12457867772346","372.4941212799772","200.23480816350215","-40.12457867772346","1","116901","1","0","372.4941212799772","200.23480816350215","-40.12457867772346","0.12012012024337793","0","0.29116187503951485","1.4305188492363954","0.5263391417407067","499720","12474","0","0.0005","0.5397898554801941","72.38753509521484","22.246742248535156","1.828046202659607","-0.4350554943084717","32","12475","500000","399200","500000","399200","960","","500","500000","500000","399200","500000","500000","1000","701.8488209409547","399200","800","561.4790567527638","10","0","0","800","14.1","5.7","776.0971639156342","1.4319260120391846","776.0971639156342","5152.193","6.211","227873.902","0.14","0.009","18.437","14.33","1543.66","55.788","1721779393","500000","500"
"DQN_sa-lander_ca301_00001","finished","-","","","2024-07-23T23:39:38.000Z","553","","false","-1","false","false","false","-1","false","false","false","false","action_mask","false","2.9694008080166145e-7","true","true","true","-1","-1","truncate_episodes","1","false","false","false","env_steps","false","-1","2024-07-23_23-48-49","60","-1","true","true","20","true","-1","true","false","false","false","sa-lander","2","30","1800","1","[[0,1],[10000,0.05]]","false","10","episodes","true","0","false","120","10000","0.02","1","EpsilonGreedy","true","false","false","torch","0.99","40","global_norm","[256]","e-bgbfbjbn-z5drr-0","false","false","sampler","false","0","8","8","WARN","true","0.0005","1000","2","60","100","1000","0","false","false","false","-1","false","64","32","2","50","50","1","1","32","0","0","relu","84","tanh","[256,256]","true","false","false","256","false","-1","false","20","false","relu","[]","false","false","true","true","16","10.42.142.236","false","true","1","100","1","1","1","1","0","0","0","0","1000","10","NoFilter","false","true","[""obs"",""new_obs""]","67108864","1399678","PACK","[null,null,null,null]","-1","100","ray.rllib.algorithms.algorithm_config.AlgorithmConfig.DEFAULT_POLICY_MAPPING_FN","false","false","deepmind","false","0","false","false","50000","-1","0.6","0.4","0.000001","1","ray.rllib.utils.replay_buffers.multi_agent_prioritized_replay_buffer.MultiAgentPrioritizedReplayBuffer","false","false","auto","ray.rllib.evaluation.collectors.simple_list_collector.SimpleListCollector","60","0","0.529063783779318","false","false","10","-1","500","0.7865663683047821","huber","true","1","true","2","2","false","false","inductor","FORWARD_TRAIN","false","onnxrt","32","ca301_00001","/tmp/ray/session_2024-07-23_23-39-20_292838_1395176/artifacts/2024-07-23_23-39-23/DQN_2024-07-23_23-39-23/driver_artifacts/DQN_sa-lander_ca301_00001_1_adam_epsilon=0.0000,n_step=16,sigma0=0.5291,tau=0.7866_2024-07-23_23-39-23","true","true","10","-10","true","-1","560000","559840","560000","111808","560000","111808","874","","0.004224300384521484","0.003345012664794922","0.09450936317443848","496.4","401.74928407338473","116.82554106140503","-375.3753437404726","401.74928407338473","116.82554106140503","-375.3753437404726","2","49640","2","0","401.74928407338473","116.82554106140503","-375.3753437404726","0.08696504141404496","0","0.20241920138687847","1.0093763391460748","0.3014407346877308","559840","3493","0","0.0005","4.80868673324585","44.569915771484375","16.292726516723633","-5.9339399337768555","0.253560334444046","32","3494","560000","111808","560000","111808","874","","500","560000","560000","111808","560000","560000","1120","1795.1383969395347","111808","224","359.02767938790697","10","0","0","224","10.4","5.7","325.3751029968262","0.6306498050689697","325.3751029968262","4914.366","6.512","222990.078","0.144","0.01","38.121","14.506","650.377","88.284","1721778529","560000","500"
"DQN_sa-lander_ca301_00000","finished","-","","","2024-07-23T23:39:37.000Z","3116","","false","-1","false","false","false","-1","false","false","false","false","action_mask","false","4.666854036360646e-9","true","true","true","-1","-1","truncate_episodes","1","false","false","false","env_steps","false","-1","2024-07-24_00-31-28","60","-1","true","true","20","true","-1","true","false","false","false","sa-lander","2","30","1800","1","[[0,1],[10000,0.05]]","false","10","episodes","true","0","false","120","10000","0.02","1","EpsilonGreedy","true","false","false","torch","0.99","40","global_norm","[256]","e-bgbfbjbn-z5drr-0","false","false","sampler","false","0","8","8","WARN","true","0.0005","1000","2","60","100","1000","0","false","false","false","-1","false","64","32","2","50","50","1","1","32","0","0","relu","84","tanh","[256,256]","true","false","false","256","false","-1","false","20","false","relu","[]","false","false","true","true","1","10.42.142.236","false","true","1","100","1","1","1","1","0","0","0","0","1000","10","NoFilter","false","true","[""obs"",""new_obs""]","67108864","1399676","PACK","[null,null,null,null]","-1","100","ray.rllib.algorithms.algorithm_config.AlgorithmConfig.DEFAULT_POLICY_MAPPING_FN","false","false","deepmind","false","0","false","false","50000","-1","0.6","0.4","0.000001","1","ray.rllib.utils.replay_buffers.multi_agent_prioritized_replay_buffer.MultiAgentPrioritizedReplayBuffer","false","false","auto","ray.rllib.evaluation.collectors.simple_list_collector.SimpleListCollector","60","0","0.5802316055280182","false","false","10","-1","500","0.35697523423785826","huber","true","1","true","2","2","false","false","inductor","FORWARD_TRAIN","false","onnxrt","32","ca301_00000","/tmp/ray/session_2024-07-23_23-39-20_292838_1395176/artifacts/2024-07-23_23-39-23/DQN_2024-07-23_23-39-23/driver_artifacts/DQN_sa-lander_ca301_00000_0_adam_epsilon=0.0000,n_step=1,sigma0=0.5802,tau=0.3570_2024-07-23_23-39-23","true","true","10","-10","true","-1","500000","499510","500000","1596800","500000","1596800","998","","0.016119718551635742","0.010777711868286133","0.30471110343933105","558.94","390.5585561975544","232.53421162942843","-73.07250146297805","390.5585561975544","232.53421162942843","-73.07250146297805","2","55894","2","0","390.5585561975544","232.53421162942843","-73.07250146297805","0.15370179584529137","0","0.418810519714343","1.9752097518794516","1.2674300617242946","499510","49899","0","0.0005","1.1953305006027222","160.10926818847656","70.83644104003906","20.634613037109375","0.4478479623794556","32","49900","500000","1596800","500000","1596800","998","","500","500000","500000","1596800","500000","500000","1000","161.19537577283813","1596800","3200","515.8252024730821","10","0","0","3200","4.2","4.7","2838.4415032863617","6.2127368450164795","2838.4415032863617","4450.013","7.191","199788.223","0.16","0.016","14.832","24.693","6307.981","62.15","1721781088","500000","500"
"DQN_sa-lander_ca301_00002","finished","-","","","2024-07-23T23:39:37.000Z","1762","","false","-1","false","false","false","-1","false","false","false","false","action_mask","false","0.000012579270150121268","true","true","true","-1","-1","truncate_episodes","1","false","false","false","env_steps","false","-1","2024-07-24_00-08-57","60","-1","true","true","20","true","-1","true","false","false","false","sa-lander","2","30","1800","1","[[0,1],[10000,0.05]]","false","10","episodes","true","0","false","120","10000","0.02","1","EpsilonGreedy","true","false","false","torch","0.99","40","global_norm","[256]","e-bgbfbjbn-z5drr-0","false","false","sampler","false","0","8","8","WARN","true","0.0005","1000","2","60","100","1000","0","false","false","false","-1","false","64","32","2","50","50","1","1","32","0","0","relu","84","tanh","[256,256]","true","false","false","256","false","-1","false","20","false","relu","[]","false","false","true","true","2","10.42.142.236","false","true","1","100","1","1","1","1","0","0","0","0","1000","10","NoFilter","false","true","[""obs"",""new_obs""]","67108864","1399687","PACK","[null,null,null,null]","-1","100","ray.rllib.algorithms.algorithm_config.AlgorithmConfig.DEFAULT_POLICY_MAPPING_FN","false","false","deepmind","false","0","false","false","50000","-1","0.6","0.4","0.000001","1","ray.rllib.utils.replay_buffers.multi_agent_prioritized_replay_buffer.MultiAgentPrioritizedReplayBuffer","false","false","auto","ray.rllib.evaluation.collectors.simple_list_collector.SimpleListCollector","60","0","0.4985258468074638","false","false","10","-1","500","0.15488952474801765","huber","true","1","true","2","2","false","false","inductor","FORWARD_TRAIN","false","onnxrt","32","ca301_00002","/tmp/ray/session_2024-07-23_23-39-20_292838_1395176/artifacts/2024-07-23_23-39-23/DQN_2024-07-23_23-39-23/driver_artifacts/DQN_sa-lander_ca301_00002_2_adam_epsilon=0.0000,n_step=2,sigma0=0.4985,tau=0.1549_2024-07-23_23-39-23","true","true","10","-10","true","-1","500000","499520","500000","798400","500000","798400","998","","0.008672714233398438","0.006280183792114258","0.18912339210510257","585.7","404.83147226216346","194.74849740214896","-60.618264390148106","404.83147226216346","194.74849740214896","-60.618264390148106","2","58570","2","0","404.83147226216346","194.74849740214896","-60.618264390148106","0.13709182774492046","0","0.3510832063123177","1.674460347664162","0.8100714358452921","499520","24949","0","0.0005","0.44968900084495544","94.07186889648438","29.633718490600582","0.3816652297973633","-0.3613947927951813","32","24950","500000","798400","500000","798400","998","","500","500000","500000","798400","500000","500000","1000","377.55416821006474","798400","1600","604.0866691361036","10","0","0","1600","8.825","5.7","1462.5907747745514","2.6561131477355957","1462.5907747745514","4939.978","6.478","214268.404","0.149","0.009","15.137","14.22","2701.12","51.426","1721779737","500000","500"
"DQN_sa-lander_ca301_00003","finished","-","","","2024-07-23T23:39:37.000Z","708","","false","-1","false","false","false","-1","false","false","false","false","action_mask","false","4.0286359447926083e-8","true","true","true","-1","-1","truncate_episodes","1","false","false","false","env_steps","false","-1","2024-07-23_23-51-23","60","-1","true","true","20","true","-1","true","false","false","false","sa-lander","2","30","1800","1","[[0,1],[10000,0.05]]","false","10","episodes","true","0","false","120","10000","0.02","1","EpsilonGreedy","true","false","false","torch","0.99","40","global_norm","[256]","e-bgbfbjbn-z5drr-0","false","false","sampler","false","0","8","8","WARN","true","0.0005","1000","2","60","100","1000","0","false","false","false","-1","false","64","32","2","50","50","1","1","32","0","0","relu","84","tanh","[256,256]","true","false","false","256","false","-1","false","20","false","relu","[]","false","false","true","true","8","10.42.142.236","false","true","1","100","1","1","1","1","0","0","0","0","1000","10","NoFilter","false","true","[""obs"",""new_obs""]","67108864","1399689","PACK","[null,null,null,null]","-1","100","ray.rllib.algorithms.algorithm_config.AlgorithmConfig.DEFAULT_POLICY_MAPPING_FN","false","false","deepmind","false","0","false","false","50000","-1","0.6","0.4","0.000001","1","ray.rllib.utils.replay_buffers.multi_agent_prioritized_replay_buffer.MultiAgentPrioritizedReplayBuffer","false","false","auto","ray.rllib.evaluation.collectors.simple_list_collector.SimpleListCollector","60","0","0.47629642649465254","false","false","10","-1","500","0.716218755351637","huber","true","1","true","2","2","false","false","inductor","FORWARD_TRAIN","false","onnxrt","32","ca301_00003","/tmp/ray/session_2024-07-23_23-39-20_292838_1395176/artifacts/2024-07-23_23-39-23/DQN_2024-07-23_23-39-23/driver_artifacts/DQN_sa-lander_ca301_00003_3_adam_epsilon=0.0000,n_step=8,sigma0=0.4763,tau=0.7162_2024-07-23_23-39-23","true","true","10","-10","true","-1","520000","519600","520000","207616","520000","207616","927","","0.005327939987182617","0.004431009292602539","0.12121009826660156","1025.29","381.30629195913355","132.76505022572462","-223.9803381273292","381.30629195913355","132.76505022572462","-223.9803381273292","2","102529","2","0","381.30629195913355","132.76505022572462","-223.9803381273292","0.10183280538201112","0","0.23540900851756952","1.1993181757174354","0.3630163922015688","519600","6487","0","0.0005","1.3440951108932495","44.05974578857422","11.277697563171388","-9.447585105895996","-0.7114463448524475","32","6488","520000","207616","520000","207616","927","","500","520000","520000","207616","520000","520000","1040","1115.9852657722909","207616","416","446.3941063089163","10","0","0","416","13.7","5.7","477.0834765434265","0.9413588047027588","477.0834765434265","4788.138","6.683","200175.582","0.16","0.011","26.172","14.634","898.128","69.431","1721778683","520000","500"
"DQN_sa-lander_ca301_00004","finished","-","","","2024-07-23T23:39:37.000Z","698","","false","-1","false","false","false","-1","false","false","false","false","action_mask","false","0.00006275764975631559","true","true","true","-1","-1","truncate_episodes","1","false","false","false","env_steps","false","-1","2024-07-23_23-51-13","60","-1","true","true","20","true","-1","true","false","false","false","sa-lander","2","30","1800","1","[[0,1],[10000,0.05]]","false","10","episodes","true","0","false","120","10000","0.02","1","EpsilonGreedy","true","false","false","torch","0.99","40","global_norm","[256]","e-bgbfbjbn-z5drr-0","false","false","sampler","false","0","8","8","WARN","true","0.0005","1000","2","60","100","1000","0","false","false","false","-1","false","64","32","2","50","50","1","1","32","0","0","relu","84","tanh","[256,256]","true","false","false","256","false","-1","false","20","false","relu","[]","false","false","true","true","8","10.42.142.236","false","true","1","100","1","1","1","1","0","0","0","0","1000","10","NoFilter","false","true","[""obs"",""new_obs""]","67108864","1399690","PACK","[null,null,null,null]","-1","100","ray.rllib.algorithms.algorithm_config.AlgorithmConfig.DEFAULT_POLICY_MAPPING_FN","false","false","deepmind","false","0","false","false","50000","-1","0.6","0.4","0.000001","1","ray.rllib.utils.replay_buffers.multi_agent_prioritized_replay_buffer.MultiAgentPrioritizedReplayBuffer","false","false","auto","ray.rllib.evaluation.collectors.simple_list_collector.SimpleListCollector","60","0","0.4487298173173111","false","false","10","-1","500","0.38924998214672635","huber","true","1","true","2","2","false","false","inductor","FORWARD_TRAIN","false","onnxrt","32","ca301_00004","/tmp/ray/session_2024-07-23_23-39-20_292838_1395176/artifacts/2024-07-23_23-39-23/DQN_2024-07-23_23-39-23/driver_artifacts/DQN_sa-lander_ca301_00004_4_adam_epsilon=0.0001,n_step=8,sigma0=0.4487,tau=0.3892_2024-07-23_23-39-23","true","true","10","-10","true","-1","520000","519600","520000","207616","520000","207616","927","","0.005559444427490234","0.004255056381225586","0.1214008331298828","1032.97","364.2844861666107","168.53556705611533","-47.58385401291995","364.2844861666107","168.53556705611533","-47.58385401291995","0","103297","0","0","364.2844861666107","168.53556705611533","-47.58385401291995","0.10229550081666028","0","0.2457994557180979","1.1990314445515562","0.3607997979839545","519600","6487","0","0.0005","0.44585251808166504","40.84364318847656","12.415224075317385","-66.8636245727539","-0.07021170854568481","32","6488","520000","207616","520000","207616","927","","500","520000","520000","207616","520000","520000","1040","1124.921675923512","207616","416","449.9686703694047","10","0","0","416","12.15","5.7","466.90336060523987","0.931917667388916","466.90336060523987","4928.985","6.492","222657.147","0.144","0.01","25.326","16.452","927.908","69.62","1721778673","520000","500"
"DQN_sa-lander_ba509_00008","finished","-","","","2024-07-23T22:10:20.000Z","4687","","false","-1","false","false","false","-1","false","false","false","false","action_mask","false","0.00002268953146987699","true","true","true","-1","-1","truncate_episodes","1","false","false","false","env_steps","false","-1","2024-07-23_23-28-26","60","-1","true","true","20","true","-1","true","false","false","false","sa-lander","2","30","1800","1","[[0,1],[10000,0.05]]","false","10","episodes","true","0","false","120","10000","0.02","1","EpsilonGreedy","true","false","false","torch","0.99","40","global_norm","[256]","e-bgbfbjbn-z5drr-0","false","false","sampler","false","0","8","8","WARN","true","0.0005","1000","2","60","100","1000","0","false","false","false","-1","false","64","32","2","50","50","1","1","32","0","0","relu","84","tanh","[256,256]","true","false","false","256","false","-1","false","20","false","relu","[]","false","false","true","true","1","10.42.142.236","false","true","1","100","1","1","1","1","0","0","0","0","1000","10","NoFilter","false","true","[""obs"",""new_obs""]","67108864","1231450","PACK","[null,null,null,null]","-1","100","ray.rllib.algorithms.algorithm_config.AlgorithmConfig.DEFAULT_POLICY_MAPPING_FN","false","false","deepmind","false","0","false","false","50000","-1","0.6","0.4","0.000001","1","ray.rllib.utils.replay_buffers.multi_agent_prioritized_replay_buffer.MultiAgentPrioritizedReplayBuffer","false","false","auto","ray.rllib.evaluation.collectors.simple_list_collector.SimpleListCollector","60","0","0.2782824783544038","false","false","10","-1","500","0.6188478859880302","huber","true","1","true","2","2","false","false","inductor","FORWARD_TRAIN","false","onnxrt","32","ba509_00008","/tmp/ray/session_2024-07-23_21-51-31_194807_1113529/artifacts/2024-07-23_21-51-33/DQN_2024-07-23_21-51-33/driver_artifacts/DQN_sa-lander_ba509_00008_8_adam_epsilon=0.0000,n_step=1,sigma0=0.2783,tau=0.6188_2024-07-23_21-51-34","true","true","10","-10","true","-1","500000","499510","500000","1596800","500000","1596800","998","","0.017061710357666016","0.010717391967773438","0.29690098762512207","620.18","387.7363271629786","196.39262734839372","-217.13757870160077","387.7363271629786","196.39262734839372","-217.13757870160077","3","62018","3","0","387.7363271629786","196.39262734839372","-217.13757870160077","0.15548523821703017","0","0.4135531957108954","1.9790696784353792","1.2710753608515857","499510","49899","0","0.0005","0.8606014251708984","137.18101501464844","61.92949676513672","16.80881118774414","-1.028233528137207","32","49900","500000","1596800","500000","1596800","998","","500","500000","500000","1596800","500000","500000","1000","165.11018751284294","1596800","3200","528.3526000410974","10","0","0","3200","6.9125","4.7","2906.8387157917023","6.065395832061768","2906.8387157917023","3488.984","9.172","175654.663","0.182","0.022","16.369","24.422","6113.389","67.144","1721777306","500000","500"
"DQN_sa-lander_ba509_00009","finished","-","","","2024-07-23T22:10:20.000Z","4730","","false","-1","false","false","false","-1","false","false","false","false","action_mask","false","2.2954926943637583e-10","true","true","true","-1","-1","truncate_episodes","1","false","false","false","env_steps","false","-1","2024-07-23_23-29-07","60","-1","true","true","20","true","-1","true","false","false","false","sa-lander","2","30","1800","1","[[0,1],[10000,0.05]]","false","10","episodes","true","0","false","120","10000","0.02","1","EpsilonGreedy","true","false","false","torch","0.99","40","global_norm","[256]","e-bgbfbjbn-z5drr-0","false","false","sampler","false","0","8","8","WARN","true","0.0005","1000","2","60","100","1000","0","false","false","false","-1","false","64","32","2","50","50","1","1","32","0","0","relu","84","tanh","[256,256]","true","false","false","256","false","-1","false","20","false","relu","[]","false","false","true","true","1","10.42.142.236","false","true","1","100","1","1","1","1","0","0","0","0","1000","10","NoFilter","false","true","[""obs"",""new_obs""]","67108864","1231519","PACK","[null,null,null,null]","-1","100","ray.rllib.algorithms.algorithm_config.AlgorithmConfig.DEFAULT_POLICY_MAPPING_FN","false","false","deepmind","false","0","false","false","50000","-1","0.6","0.4","0.000001","1","ray.rllib.utils.replay_buffers.multi_agent_prioritized_replay_buffer.MultiAgentPrioritizedReplayBuffer","false","false","auto","ray.rllib.evaluation.collectors.simple_list_collector.SimpleListCollector","60","0","0.41846016330921265","false","false","10","-1","500","0.9353269058956784","huber","true","1","true","2","2","false","false","inductor","FORWARD_TRAIN","false","onnxrt","32","ba509_00009","/tmp/ray/session_2024-07-23_21-51-31_194807_1113529/artifacts/2024-07-23_21-51-33/DQN_2024-07-23_21-51-33/driver_artifacts/DQN_sa-lander_ba509_00009_9_adam_epsilon=0.0000,n_step=1,sigma0=0.4185,tau=0.9353_2024-07-23_21-51-34","true","true","10","-10","true","-1","500000","499510","500000","1596800","500000","1596800","998","","0.01631474494934082","0.01031041145324707","0.2942934036254883","430.02","405.82207440375726","226.87151867351415","-25.87703787918938","405.82207440375726","226.87151867351415","-25.87703787918938","3","43002","3","0","405.82207440375726","226.87151867351415","-25.87703787918938","0.15836277243657346","0","0.4102676512528112","1.998426221510922","1.282640433781668","499510","49899","0","0.0005","1.0927648544311523","170.0366973876953","84.24481201171875","27.631332397460938","4.82818603515625","32","49900","500000","1596800","500000","1596800","998","","500","500000","500000","1596800","500000","500000","1000","172.22651639507163","1596800","3200","551.1248524642292","10","0","0","3200","3.575","4.3","2936.5263640880585","5.813543081283569","2936.5263640880585","4275.212","7.485","204350.987","0.157","0.02","14.38","22.686","5928.922","60.599","1721777347","500000","500"
"DQN_sa-lander_ba509_00007","finished","-","","","2024-07-23T22:04:34.000Z","2279","","false","-1","false","false","false","-1","false","false","false","false","action_mask","false","2.2939795019098088e-10","true","true","true","-1","-1","truncate_episodes","1","false","false","false","env_steps","false","-1","2024-07-23_22-42-31","60","-1","true","true","20","true","-1","true","false","false","false","sa-lander","2","30","1800","1","[[0,1],[10000,0.05]]","false","10","episodes","true","0","false","120","10000","0.02","1","EpsilonGreedy","true","false","false","torch","0.99","40","global_norm","[256]","e-bgbfbjbn-z5drr-0","false","false","sampler","false","0","8","8","WARN","true","0.0005","1000","2","60","100","1000","0","false","false","false","-1","false","64","32","2","50","50","1","1","32","0","0","relu","84","tanh","[256,256]","true","false","false","256","false","-1","false","20","false","relu","[]","false","false","true","true","2","10.42.142.236","false","true","1","100","1","1","1","1","0","0","0","0","1000","10","NoFilter","false","true","[""obs"",""new_obs""]","67108864","1210206","PACK","[null,null,null,null]","-1","100","ray.rllib.algorithms.algorithm_config.AlgorithmConfig.DEFAULT_POLICY_MAPPING_FN","false","false","deepmind","false","0","false","false","50000","-1","0.6","0.4","0.000001","1","ray.rllib.utils.replay_buffers.multi_agent_prioritized_replay_buffer.MultiAgentPrioritizedReplayBuffer","false","false","auto","ray.rllib.evaluation.collectors.simple_list_collector.SimpleListCollector","60","0","1.0238090122806154","false","false","10","-1","500","0.5192842568401659","huber","true","1","true","2","2","false","false","inductor","FORWARD_TRAIN","false","onnxrt","32","ba509_00007","/tmp/ray/session_2024-07-23_21-51-31_194807_1113529/artifacts/2024-07-23_21-51-33/DQN_2024-07-23_21-51-33/driver_artifacts/DQN_sa-lander_ba509_00007_7_adam_epsilon=0.0000,n_step=2,sigma0=1.0238,tau=0.5193_2024-07-23_21-51-34","true","true","10","-10","true","-1","500000","499520","500000","798400","500000","798400","998","","0.00937199592590332","0.00664973258972168","0.19609308242797852","648.91","409.93354610302623","219.36236473616785","-115.70207012986886","409.93354610302623","219.36236473616785","-115.70207012986886","0","64891","0","0","409.93354610302623","219.36236473616785","-115.70207012986886","0.13620201817585958","0","0.3469553222054833","1.6883471812872184","0.8155369768434475","499520","24949","0","0.0005","0.6444153785705566","104.68875122070312","35.28029251098633","4.572576999664307","0.6588236093521118","32","24950","500000","798400","500000","798400","998","","500","500000","500000","798400","500000","500000","1000","283.81845245164084","798400","1600","454.1095239226253","10","0","0","1600","9.54","5.4","1494.9429154396057","3.530953884124756","1494.9429154396057","3192.642","10.023","183357.552","0.175","0.015","30.779","19.253","3183.803","77.14","1721774551","500000","500"
"DQN_sa-lander_ba509_00006","finished","-","","","2024-07-23T21:58:24.000Z","357","","false","-1","false","false","false","-1","false","false","false","false","action_mask","false","7.65643545769898e-8","true","true","true","-1","-1","truncate_episodes","1","false","false","false","env_steps","false","-1","2024-07-23_22-04-20","60","-1","true","true","20","true","-1","true","false","false","false","sa-lander","2","30","1800","1","[[0,1],[10000,0.05]]","false","10","episodes","true","0","false","120","10000","0.02","1","EpsilonGreedy","true","false","false","torch","0.99","40","global_norm","[256]","e-bgbfbjbn-z5drr-0","false","false","sampler","false","0","8","8","WARN","true","0.0005","1000","2","60","100","1000","0","false","false","false","-1","false","64","32","2","50","50","1","1","32","0","0","relu","84","tanh","[256,256]","true","false","false","256","false","-1","false","20","false","relu","[]","false","false","true","true","16","10.42.142.236","false","true","1","100","1","1","1","1","0","0","0","0","1000","10","NoFilter","false","true","[""obs"",""new_obs""]","67108864","1169472","PACK","[null,null,null,null]","-1","100","ray.rllib.algorithms.algorithm_config.AlgorithmConfig.DEFAULT_POLICY_MAPPING_FN","false","false","deepmind","false","0","false","false","50000","-1","0.6","0.4","0.000001","1","ray.rllib.utils.replay_buffers.multi_agent_prioritized_replay_buffer.MultiAgentPrioritizedReplayBuffer","false","false","auto","ray.rllib.evaluation.collectors.simple_list_collector.SimpleListCollector","60","0","0.404190529504416","false","false","10","-1","500","0.9337236609260104","huber","true","1","true","2","2","false","false","inductor","FORWARD_TRAIN","false","onnxrt","32","ba509_00006","/tmp/ray/session_2024-07-23_21-51-31_194807_1113529/artifacts/2024-07-23_21-51-33/DQN_2024-07-23_21-51-33/driver_artifacts/DQN_sa-lander_ba509_00006_6_adam_epsilon=0.0000,n_step=16,sigma0=0.4042,tau=0.9337_2024-07-23_21-51-34","true","true","10","-10","true","-1","560000","559840","560000","111808","560000","111808","874","","0.004207134246826172","0.00373697280883789","0.09989476203918456","127.26","234.52513341987824","128.0530297250633","-215.8513005027472","234.52513341987824","128.0530297250633","-215.8513005027472","12","12726","12","0","234.52513341987824","128.0530297250633","-215.8513005027472","0.0878861753660629","0","0.2054808429069942","1.038605201634741","0.3066023694765634","559840","3493","0","0.0005","1.2731828689575195","68.98322296142578","36.46620178222656","11.24293327331543","-0.7354578971862793","32","3494","560000","111808","560000","111808","874","","500","560000","560000","111808","560000","560000","1120","1781.5577867912114","111808","224","356.3115573582423","10","0","0","224","12.1","6.1","336.1217279434204","0.6356990337371826","336.1217279434204","4991.511","6.411","220065.139","0.145","0.011","37.59","14.31","672.992","88.182","1721772260","560000","500"
"DQN_sa-lander_ba509_00005","finished","-","","","2024-07-23T21:58:20.000Z","589","","false","-1","false","false","false","-1","false","false","false","false","action_mask","false","0.000025153142243260496","true","true","true","-1","-1","truncate_episodes","1","false","false","false","env_steps","false","-1","2024-07-23_22-08-08","60","-1","true","true","20","true","-1","true","false","false","false","sa-lander","2","30","1800","1","[[0,1],[10000,0.05]]","false","10","episodes","true","0","false","120","10000","0.02","1","EpsilonGreedy","true","false","false","torch","0.99","40","global_norm","[256]","e-bgbfbjbn-z5drr-0","false","false","sampler","false","0","8","8","WARN","true","0.0005","1000","2","60","100","1000","0","false","false","false","-1","false","64","32","2","50","50","1","1","32","0","0","relu","84","tanh","[256,256]","true","false","false","256","false","-1","false","20","false","relu","[]","false","false","true","true","8","10.42.142.236","false","true","1","100","1","1","1","1","0","0","0","0","1000","10","NoFilter","false","true","[""obs"",""new_obs""]","67108864","1168996","PACK","[null,null,null,null]","-1","100","ray.rllib.algorithms.algorithm_config.AlgorithmConfig.DEFAULT_POLICY_MAPPING_FN","false","false","deepmind","false","0","false","false","50000","-1","0.6","0.4","0.000001","1","ray.rllib.utils.replay_buffers.multi_agent_prioritized_replay_buffer.MultiAgentPrioritizedReplayBuffer","false","false","auto","ray.rllib.evaluation.collectors.simple_list_collector.SimpleListCollector","60","0","0.6839591024012","false","false","10","-1","500","0.9191984297478982","huber","true","1","true","2","2","false","false","inductor","FORWARD_TRAIN","false","onnxrt","32","ba509_00005","/tmp/ray/session_2024-07-23_21-51-31_194807_1113529/artifacts/2024-07-23_21-51-33/DQN_2024-07-23_21-51-33/driver_artifacts/DQN_sa-lander_ba509_00005_5_adam_epsilon=0.0000,n_step=8,sigma0=0.6840,tau=0.9192_2024-07-23_21-51-34","true","true","10","-10","true","-1","520000","519600","520000","207616","520000","207616","927","","0.005469322204589844","0.004442691802978516","0.12447571754455566","644.02","325.23264956326113","114.7170264478135","-79.16317779811851","325.23264956326113","114.7170264478135","-79.16317779811851","1","64402","1","0","325.23264956326113","114.7170264478135","-79.16317779811851","0.1038712288273187","0","0.24962431443622385","1.221918348439174","0.3686240249853683","519600","6487","0","0.0005","2.6198506355285645","33.1012077331543","14.05219268798828","-9.807238578796388","1.9139264822006223","32","6488","520000","207616","520000","207616","927","","500","520000","520000","207616","520000","520000","1040","1180.4916897488183","207616","416","472.19667589952735","10","0","0","416","10.4","5.7","495.1030299663544","0.8875057697296143","495.1030299663544","4510.777","7.094","193704.327","0.165","0.012","22.808","14.774","959.431","65.466","1721772488","520000","500"
"DQN_sa-lander_ba509_00000","finished","-","","","2024-07-23T21:51:49.000Z","979","","false","-1","false","false","false","-1","false","false","false","false","action_mask","false","6.04441944074669e-9","true","true","true","-1","-1","truncate_episodes","1","false","false","false","env_steps","false","-1","2024-07-23_22-08-07","60","-1","true","true","20","true","-1","true","false","false","false","sa-lander","2","30","1800","1","[[0,1],[10000,0.05]]","false","10","episodes","true","0","false","120","10000","0.02","1","EpsilonGreedy","true","false","false","torch","0.99","40","global_norm","[256]","e-bgbfbjbn-z5drr-0","false","false","sampler","false","0","8","8","WARN","true","0.0005","1000","2","60","100","1000","0","false","false","false","-1","false","64","32","2","50","50","1","1","32","0","0","relu","84","tanh","[256,256]","true","false","false","256","false","-1","false","20","false","relu","[]","false","false","true","true","4","10.42.142.236","false","true","1","100","1","1","1","1","0","0","0","0","1000","10","NoFilter","false","true","[""obs"",""new_obs""]","67108864","1118248","PACK","[null,null,null,null]","-1","100","ray.rllib.algorithms.algorithm_config.AlgorithmConfig.DEFAULT_POLICY_MAPPING_FN","false","false","deepmind","false","0","false","false","50000","-1","0.6","0.4","0.000001","1","ray.rllib.utils.replay_buffers.multi_agent_prioritized_replay_buffer.MultiAgentPrioritizedReplayBuffer","false","false","auto","ray.rllib.evaluation.collectors.simple_list_collector.SimpleListCollector","60","0","0.6888788389536761","false","false","10","-1","500","0.8342190625656111","huber","true","1","true","2","2","false","false","inductor","FORWARD_TRAIN","false","onnxrt","32","ba509_00000","/tmp/ray/session_2024-07-23_21-51-31_194807_1113529/artifacts/2024-07-23_21-51-33/DQN_2024-07-23_21-51-33/driver_artifacts/DQN_sa-lander_ba509_00000_0_adam_epsilon=0.0000,n_step=4,sigma0=0.6889,tau=0.8342_2024-07-23_21-51-34","true","true","10","-10","true","-1","500000","499720","500000","399200","500000","399200","960","","0.00709223747253418","0.005507230758666992","0.1568286418914795","838.52","375.90363414924","205.78776394005024","9.00037357000594","375.90363414924","205.78776394005024","9.00037357000594","0","83852","0","0","375.90363414924","205.78776394005024","9.00037357000594","0.12261728426430855","0","0.3041714281516255","1.488715293173304","0.540072239685093","499720","12474","0","0.0005","1.1517322063446045","104.0448989868164","27.572275161743164","-2.568754196166992","-0.1348576694726944","32","12475","500000","399200","500000","399200","960","","500","500000","500000","399200","500000","500000","1000","540.2823846444172","399200","800","432.2259077155337","10","0","0","800","9.933333333333334","6.099999999999999","873.3521938323975","1.8577182292938232","873.3521938323975","3902.427","8.2","172671.72","0.185","0.012","34.244","20.512","1799.583","82.377","1721772487","500000","500"
"DQN_sa-lander_ba509_00001","finished","-","","","2024-07-23T21:51:49.000Z","378","","false","-1","false","false","false","-1","false","false","false","false","action_mask","false","0.00002680425889313882","true","true","true","-1","-1","truncate_episodes","1","false","false","false","env_steps","false","-1","2024-07-23_21-58-05","60","-1","true","true","20","true","-1","true","false","false","false","sa-lander","2","30","1800","1","[[0,1],[10000,0.05]]","false","10","episodes","true","0","false","120","10000","0.02","1","EpsilonGreedy","true","false","false","torch","0.99","40","global_norm","[256]","e-bgbfbjbn-z5drr-0","false","false","sampler","false","0","8","8","WARN","true","0.0005","1000","2","60","100","1000","0","false","false","false","-1","false","64","32","2","50","50","1","1","32","0","0","relu","84","tanh","[256,256]","true","false","false","256","false","-1","false","20","false","relu","[]","false","false","true","true","16","10.42.142.236","false","true","1","100","1","1","1","1","0","0","0","0","1000","10","NoFilter","false","true","[""obs"",""new_obs""]","67108864","1118249","PACK","[null,null,null,null]","-1","100","ray.rllib.algorithms.algorithm_config.AlgorithmConfig.DEFAULT_POLICY_MAPPING_FN","false","false","deepmind","false","0","false","false","50000","-1","0.6","0.4","0.000001","1","ray.rllib.utils.replay_buffers.multi_agent_prioritized_replay_buffer.MultiAgentPrioritizedReplayBuffer","false","false","auto","ray.rllib.evaluation.collectors.simple_list_collector.SimpleListCollector","60","0","0.5926853108334151","false","false","10","-1","500","0.34776027540630516","huber","true","1","true","2","2","false","false","inductor","FORWARD_TRAIN","false","onnxrt","32","ba509_00001","/tmp/ray/session_2024-07-23_21-51-31_194807_1113529/artifacts/2024-07-23_21-51-33/DQN_2024-07-23_21-51-33/driver_artifacts/DQN_sa-lander_ba509_00001_1_adam_epsilon=0.0000,n_step=16,sigma0=0.5927,tau=0.3478_2024-07-23_21-51-34","true","true","10","-10","true","-1","560000","559840","560000","111808","560000","111808","874","","0.004586696624755859","0.0035712718963623047","0.10018610954284668","404.75","370.3309981127985","163.50003468387885","-136.37465554094177","370.3309981127985","163.50003468387885","-136.37465554094177","3","40475","3","0","370.3309981127985","163.50003468387885","-136.37465554094177","0.08870660847812867","0","0.20186845690796704","1.045220122440322","0.30811471911675414","559840","3493","0","0.0005","3.6468265056610103","58.06548309326172","21.591960906982425","-0.20775294303894043","2.932053327560425","32","3494","560000","111808","560000","111808","874","","500","560000","560000","111808","560000","560000","1120","1716.6904737542209","111808","224","343.33809475084416","10","0","0","224","12.3","6","342.12191700935364","0.6582891941070557","342.12191700935364","4348.555","7.359","195995.514","0.163","0.014","40.591","15.296","691.192","91.96","1721771885","560000","500"
"DQN_sa-lander_ba509_00003","finished","-","","","2024-07-23T21:51:49.000Z","3966","","false","-1","false","false","false","-1","false","false","false","false","action_mask","false","3.8639294984341344e-9","true","true","true","-1","-1","truncate_episodes","1","false","false","false","env_steps","false","-1","2024-07-23_22-57-53","60","-1","true","true","20","true","-1","true","false","false","false","sa-lander","2","30","1800","1","[[0,1],[10000,0.05]]","false","10","episodes","true","0","false","120","10000","0.02","1","EpsilonGreedy","true","false","false","torch","0.99","40","global_norm","[256]","e-bgbfbjbn-z5drr-0","false","false","sampler","false","0","8","8","WARN","true","0.0005","1000","2","60","100","1000","0","false","false","false","-1","false","64","32","2","50","50","1","1","32","0","0","relu","84","tanh","[256,256]","true","false","false","256","false","-1","false","20","false","relu","[]","false","false","true","true","1","10.42.142.236","false","true","1","100","1","1","1","1","0","0","0","0","1000","10","NoFilter","false","true","[""obs"",""new_obs""]","67108864","1118252","PACK","[null,null,null,null]","-1","100","ray.rllib.algorithms.algorithm_config.AlgorithmConfig.DEFAULT_POLICY_MAPPING_FN","false","false","deepmind","false","0","false","false","50000","-1","0.6","0.4","0.000001","1","ray.rllib.utils.replay_buffers.multi_agent_prioritized_replay_buffer.MultiAgentPrioritizedReplayBuffer","false","false","auto","ray.rllib.evaluation.collectors.simple_list_collector.SimpleListCollector","60","0","0.7923875719784907","false","false","10","-1","500","0.4821888130394697","huber","true","1","true","2","2","false","false","inductor","FORWARD_TRAIN","false","onnxrt","32","ba509_00003","/tmp/ray/session_2024-07-23_21-51-31_194807_1113529/artifacts/2024-07-23_21-51-33/DQN_2024-07-23_21-51-33/driver_artifacts/DQN_sa-lander_ba509_00003_3_adam_epsilon=0.0000,n_step=1,sigma0=0.7924,tau=0.4822_2024-07-23_21-51-34","true","true","10","-10","true","-1","500000","499510","500000","1596800","500000","1596800","998","","0.014011383056640623","0.009199857711791992","0.2672402858734131","739.45","410.3737938976917","176.2290645342642","-454.4231541886816","410.3737938976917","176.2290645342642","-454.4231541886816","2","73945","2","0","410.3737938976917","176.2290645342642","-454.4231541886816","0.15264222685450737","0","0.4010339140682778","1.9337541421304936","1.2408493604838415","499510","49899","0","0.0005","0.9190251231193542","146.44129943847656","70.13990783691406","27.31149101257324","2.5210037231445312","32","49900","500000","1596800","500000","1596800","998","","500","500000","500000","1596800","500000","500000","1000","161.8183202870821","1596800","3200","517.8186249186626","10","0","0","3200","8.299999999999999","6.8","2858.89749789238","6.188753128051758","2858.89749789238","4487.071","7.132","199047.498","0.161","0.017","15.014","22.357","5926.688","59.457","1721775473","500000","500"
"DQN_sa-lander_ba509_00004","finished","-","","","2024-07-23T21:51:49.000Z","1905","","false","-1","false","false","false","-1","false","false","false","false","action_mask","false","1.0103117091797318e-7","true","true","true","-1","-1","truncate_episodes","1","false","false","false","env_steps","false","-1","2024-07-23_22-23-32","60","-1","true","true","20","true","-1","true","false","false","false","sa-lander","2","30","1800","1","[[0,1],[10000,0.05]]","false","10","episodes","true","0","false","120","10000","0.02","1","EpsilonGreedy","true","false","false","torch","0.99","40","global_norm","[256]","e-bgbfbjbn-z5drr-0","false","false","sampler","false","0","8","8","WARN","true","0.0005","1000","2","60","100","1000","0","false","false","false","-1","false","64","32","2","50","50","1","1","32","0","0","relu","84","tanh","[256,256]","true","false","false","256","false","-1","false","20","false","relu","[]","false","false","true","true","2","10.42.142.236","false","true","1","100","1","1","1","1","0","0","0","0","1000","10","NoFilter","false","true","[""obs"",""new_obs""]","67108864","1118251","PACK","[null,null,null,null]","-1","100","ray.rllib.algorithms.algorithm_config.AlgorithmConfig.DEFAULT_POLICY_MAPPING_FN","false","false","deepmind","false","0","false","false","50000","-1","0.6","0.4","0.000001","1","ray.rllib.utils.replay_buffers.multi_agent_prioritized_replay_buffer.MultiAgentPrioritizedReplayBuffer","false","false","auto","ray.rllib.evaluation.collectors.simple_list_collector.SimpleListCollector","60","0","0.3641760754580228","false","false","10","-1","500","0.3538485597888831","huber","true","1","true","2","2","false","false","inductor","FORWARD_TRAIN","false","onnxrt","32","ba509_00004","/tmp/ray/session_2024-07-23_21-51-31_194807_1113529/artifacts/2024-07-23_21-51-33/DQN_2024-07-23_21-51-33/driver_artifacts/DQN_sa-lander_ba509_00004_4_adam_epsilon=0.0000,n_step=2,sigma0=0.3642,tau=0.3538_2024-07-23_21-51-34","true","true","10","-10","true","-1","500000","499520","500000","798400","500000","798400","998","","0.008613824844360352","0.006296396255493164","0.1874117851257324","698.73","402.5585093736471","258.1462262820256","-63.69118895747581","402.5585093736471","258.1462262820256","-63.69118895747581","1","69873","1","0","402.5585093736471","258.1462262820256","-63.69118895747581","0.13769224730047228","0","0.35398997944916005","1.675739971372625","0.8142730234596605","499520","24949","0","0.0005","0.6420615911483765","93.36031341552734","23.65262985229492","-2.52486252784729","-0.05451716482639313","32","24950","500000","798400","500000","798400","998","","500","500000","500000","798400","500000","500000","1000","347.5157367068916","798400","1600","556.0251787310265","10","0","0","1600","12.9","5.8","1532.3061084747314","2.8857924938201904","1532.3061084747314","4131.276","7.746","181596.168","0.176","0.016","16.661","19.995","2802.391","62.279","1721773412","500000","500"
"DQN_sa-lander_ba509_00002","finished","-","","","2024-07-23T21:51:48.000Z","383","","false","-1","false","false","false","-1","false","false","false","false","action_mask","false","9.726877372193703e-10","true","true","true","-1","-1","truncate_episodes","1","false","false","false","env_steps","false","-1","2024-07-23_21-58-09","60","-1","true","true","20","true","-1","true","false","false","false","sa-lander","2","30","1800","1","[[0,1],[10000,0.05]]","false","10","episodes","true","0","false","120","10000","0.02","1","EpsilonGreedy","true","false","false","torch","0.99","40","global_norm","[256]","e-bgbfbjbn-z5drr-0","false","false","sampler","false","0","8","8","WARN","true","0.0005","1000","2","60","100","1000","0","false","false","false","-1","false","64","32","2","50","50","1","1","32","0","0","relu","84","tanh","[256,256]","true","false","false","256","false","-1","false","20","false","relu","[]","false","false","true","true","16","10.42.142.236","false","true","1","100","1","1","1","1","0","0","0","0","1000","10","NoFilter","false","true","[""obs"",""new_obs""]","67108864","1118250","PACK","[null,null,null,null]","-1","100","ray.rllib.algorithms.algorithm_config.AlgorithmConfig.DEFAULT_POLICY_MAPPING_FN","false","false","deepmind","false","0","false","false","50000","-1","0.6","0.4","0.000001","1","ray.rllib.utils.replay_buffers.multi_agent_prioritized_replay_buffer.MultiAgentPrioritizedReplayBuffer","false","false","auto","ray.rllib.evaluation.collectors.simple_list_collector.SimpleListCollector","60","0","0.4357184825196752","false","false","10","-1","500","0.11957437533046188","huber","true","1","true","2","2","false","false","inductor","FORWARD_TRAIN","false","onnxrt","32","ba509_00002","/tmp/ray/session_2024-07-23_21-51-31_194807_1113529/artifacts/2024-07-23_21-51-33/DQN_2024-07-23_21-51-33/driver_artifacts/DQN_sa-lander_ba509_00002_2_adam_epsilon=0.0000,n_step=16,sigma0=0.4357,tau=0.1196_2024-07-23_21-51-34","true","true","10","-10","true","-1","560000","559840","560000","111808","560000","111808","874","","0.004973411560058594","0.003695487976074219","0.10370087623596191","725.52","397.28147638934195","221.21854404670012","-33.0310414634735","397.28147638934195","221.21854404670012","-33.0310414634735","0","72552","0","0","397.28147638934195","221.21854404670012","-33.0310414634735","0.08923674068681839","0","0.21496458713392969","1.050101389789318","0.3069574403381232","559840","3493","0","0.0005","1.0118143558502195","56.93741607666016","17.345062255859375","0.6154772043228149","-0.6751704812049866","32","3494","560000","111808","560000","111808","874","","500","560000","560000","111808","560000","560000","1120","1765.4453167573013","111808","224","353.08906335146025","10","0","0","224","7.9","5.8","346.1783974170685","0.6423206329345703","346.1783974170685","4653.826","6.876","196713.657","0.163","0.013","42.464","23.739","705.718","103.971","1721771889","560000","500"